<table class="min-w-full flex-none table-fixed border-separate border-spacing-0" style="user-select: none;"><thead><tr><th data-testid="postUrl" colspan="1" class="whitespace-nowrap bg-primary px-2 py-1 text-left" style="width: 150px; max-width: 320px;"><span class="flex items-center gap-2"><div role="button" class="group flex items-center overflow-hidden cursor-pointer" analyticsid="thSortToggle" analyticsval1="postUrl" analyticsval2=""><span class="font-qanelas truncate text-body-secondary group-hover:text-body-primary font-bold text-body-m">Post Url</span><span class="relative flex items-center justify-center ml-1 text-icon-s invisible group-hover:visible"><svg aria-hidden="true" focusable="false" data-prefix="fal" data-icon="arrow-down-long" class="svg-inline--fa fa-arrow-down-long " role="img" xmlns="http://www.w3.org/2000/svg" viewBox="0 0 384 512"><path fill="currentColor" d="M180.7 507.3c6.2 6.2 16.4 6.2 22.6 0l144-144c6.2-6.2 6.2-16.4 0-22.6s-16.4-6.2-22.6 0L208 457.4 208 16c0-8.8-7.2-16-16-16s-16 7.2-16 16l0 441.4L59.3 340.7c-6.2-6.2-16.4-6.2-22.6 0s-6.2 16.4 0 22.6l144 144z"></path></svg></span></div></span></th><th data-testid="sharedPostUrl" colspan="1" class="whitespace-nowrap bg-primary px-2 py-1 text-left" style="width: 150px; max-width: 320px;"><span class="flex items-center gap-2"><div role="button" class="group flex items-center overflow-hidden cursor-pointer" analyticsid="thSortToggle" analyticsval1="sharedPostUrl" analyticsval2=""><span class="font-qanelas truncate text-body-secondary group-hover:text-body-primary font-bold text-body-m">Shared Post Url</span><span class="relative flex items-center justify-center ml-1 text-icon-s invisible group-hover:visible"><svg aria-hidden="true" focusable="false" data-prefix="fal" data-icon="arrow-down-long" class="svg-inline--fa fa-arrow-down-long " role="img" xmlns="http://www.w3.org/2000/svg" viewBox="0 0 384 512"><path fill="currentColor" d="M180.7 507.3c6.2 6.2 16.4 6.2 22.6 0l144-144c6.2-6.2 6.2-16.4 0-22.6s-16.4-6.2-22.6 0L208 457.4 208 16c0-8.8-7.2-16-16-16s-16 7.2-16 16l0 441.4L59.3 340.7c-6.2-6.2-16.4-6.2-22.6 0s-6.2 16.4 0 22.6l144 144z"></path></svg></span></div></span></th><th data-testid="imgUrl" colspan="1" class="whitespace-nowrap bg-primary px-2 py-1 text-left" style="width: 150px; max-width: 320px;"><span class="flex items-center gap-2"><div role="button" class="group flex items-center overflow-hidden cursor-pointer" analyticsid="thSortToggle" analyticsval1="imgUrl" analyticsval2=""><span class="font-qanelas truncate text-body-secondary group-hover:text-body-primary font-bold text-body-m">Img Url</span><span class="relative flex items-center justify-center ml-1 text-icon-s invisible group-hover:visible"><svg aria-hidden="true" focusable="false" data-prefix="fal" data-icon="arrow-down-long" class="svg-inline--fa fa-arrow-down-long " role="img" xmlns="http://www.w3.org/2000/svg" viewBox="0 0 384 512"><path fill="currentColor" d="M180.7 507.3c6.2 6.2 16.4 6.2 22.6 0l144-144c6.2-6.2 6.2-16.4 0-22.6s-16.4-6.2-22.6 0L208 457.4 208 16c0-8.8-7.2-16-16-16s-16 7.2-16 16l0 441.4L59.3 340.7c-6.2-6.2-16.4-6.2-22.6 0s-6.2 16.4 0 22.6l144 144z"></path></svg></span></div></span></th><th data-testid="type" colspan="1" class="whitespace-nowrap bg-primary px-2 py-1 text-left" style="width: 150px; max-width: 320px;"><span class="flex items-center gap-2"><div role="button" class="group flex items-center overflow-hidden cursor-pointer" analyticsid="thSortToggle" analyticsval1="type" analyticsval2=""><span class="font-qanelas truncate text-body-secondary group-hover:text-body-primary font-bold text-body-m">Type</span><span class="relative flex items-center justify-center ml-1 text-icon-s invisible group-hover:visible"><svg aria-hidden="true" focusable="false" data-prefix="fal" data-icon="arrow-down-long" class="svg-inline--fa fa-arrow-down-long " role="img" xmlns="http://www.w3.org/2000/svg" viewBox="0 0 384 512"><path fill="currentColor" d="M180.7 507.3c6.2 6.2 16.4 6.2 22.6 0l144-144c6.2-6.2 6.2-16.4 0-22.6s-16.4-6.2-22.6 0L208 457.4 208 16c0-8.8-7.2-16-16-16s-16 7.2-16 16l0 441.4L59.3 340.7c-6.2-6.2-16.4-6.2-22.6 0s-6.2 16.4 0 22.6l144 144z"></path></svg></span></div></span></th><th data-testid="postContent" colspan="1" class="whitespace-nowrap bg-primary px-2 py-1 text-left" style="width: 150px; max-width: 320px;"><span class="flex items-center gap-2"><div role="button" class="group flex items-center overflow-hidden cursor-pointer" analyticsid="thSortToggle" analyticsval1="postContent" analyticsval2=""><span class="font-qanelas truncate text-body-secondary group-hover:text-body-primary font-bold text-body-m">Post Content</span><span class="relative flex items-center justify-center ml-1 text-icon-s invisible group-hover:visible"><svg aria-hidden="true" focusable="false" data-prefix="fal" data-icon="arrow-down-long" class="svg-inline--fa fa-arrow-down-long " role="img" xmlns="http://www.w3.org/2000/svg" viewBox="0 0 384 512"><path fill="currentColor" d="M180.7 507.3c6.2 6.2 16.4 6.2 22.6 0l144-144c6.2-6.2 6.2-16.4 0-22.6s-16.4-6.2-22.6 0L208 457.4 208 16c0-8.8-7.2-16-16-16s-16 7.2-16 16l0 441.4L59.3 340.7c-6.2-6.2-16.4-6.2-22.6 0s-6.2 16.4 0 22.6l144 144z"></path></svg></span></div></span></th><th data-testid="likeCount" colspan="1" class="whitespace-nowrap bg-primary px-2 py-1 text-left" style="width: 150px; max-width: 320px;"><span class="flex items-center gap-2"><div role="button" class="group flex items-center overflow-hidden cursor-pointer" analyticsid="thSortToggle" analyticsval1="likeCount" analyticsval2=""><span class="font-qanelas truncate text-body-secondary group-hover:text-body-primary font-bold text-body-m">Like Count</span><span class="relative flex items-center justify-center ml-1 text-icon-s invisible group-hover:visible"><svg aria-hidden="true" focusable="false" data-prefix="fal" data-icon="arrow-down-long" class="svg-inline--fa fa-arrow-down-long " role="img" xmlns="http://www.w3.org/2000/svg" viewBox="0 0 384 512"><path fill="currentColor" d="M180.7 507.3c6.2 6.2 16.4 6.2 22.6 0l144-144c6.2-6.2 6.2-16.4 0-22.6s-16.4-6.2-22.6 0L208 457.4 208 16c0-8.8-7.2-16-16-16s-16 7.2-16 16l0 441.4L59.3 340.7c-6.2-6.2-16.4-6.2-22.6 0s-6.2 16.4 0 22.6l144 144z"></path></svg></span></div></span></th><th data-testid="commentCount" colspan="1" class="whitespace-nowrap bg-primary px-2 py-1 text-left" style="width: 150px; max-width: 320px;"><span class="flex items-center gap-2"><div role="button" class="group flex items-center overflow-hidden cursor-pointer" analyticsid="thSortToggle" analyticsval1="commentCount" analyticsval2=""><span class="font-qanelas truncate text-body-secondary group-hover:text-body-primary font-bold text-body-m">Comment Count</span><span class="relative flex items-center justify-center ml-1 text-icon-s invisible group-hover:visible"><svg aria-hidden="true" focusable="false" data-prefix="fal" data-icon="arrow-down-long" class="svg-inline--fa fa-arrow-down-long " role="img" xmlns="http://www.w3.org/2000/svg" viewBox="0 0 384 512"><path fill="currentColor" d="M180.7 507.3c6.2 6.2 16.4 6.2 22.6 0l144-144c6.2-6.2 6.2-16.4 0-22.6s-16.4-6.2-22.6 0L208 457.4 208 16c0-8.8-7.2-16-16-16s-16 7.2-16 16l0 441.4L59.3 340.7c-6.2-6.2-16.4-6.2-22.6 0s-6.2 16.4 0 22.6l144 144z"></path></svg></span></div></span></th><th data-testid="repostCount" colspan="1" class="whitespace-nowrap bg-primary px-2 py-1 text-left" style="width: 150px; max-width: 320px;"><span class="flex items-center gap-2"><div role="button" class="group flex items-center overflow-hidden cursor-pointer" analyticsid="thSortToggle" analyticsval1="repostCount" analyticsval2=""><span class="font-qanelas truncate text-body-secondary group-hover:text-body-primary font-bold text-body-m">Repost Count</span><span class="relative flex items-center justify-center ml-1 text-icon-s invisible group-hover:visible"><svg aria-hidden="true" focusable="false" data-prefix="fal" data-icon="arrow-down-long" class="svg-inline--fa fa-arrow-down-long " role="img" xmlns="http://www.w3.org/2000/svg" viewBox="0 0 384 512"><path fill="currentColor" d="M180.7 507.3c6.2 6.2 16.4 6.2 22.6 0l144-144c6.2-6.2 6.2-16.4 0-22.6s-16.4-6.2-22.6 0L208 457.4 208 16c0-8.8-7.2-16-16-16s-16 7.2-16 16l0 441.4L59.3 340.7c-6.2-6.2-16.4-6.2-22.6 0s-6.2 16.4 0 22.6l144 144z"></path></svg></span></div></span></th><th data-testid="postDate" colspan="1" class="whitespace-nowrap bg-primary px-2 py-1 text-left" style="width: 150px; max-width: 320px;"><span class="flex items-center gap-2"><div role="button" class="group flex items-center overflow-hidden cursor-pointer" analyticsid="thSortToggle" analyticsval1="postDate" analyticsval2=""><span class="font-qanelas truncate text-body-secondary group-hover:text-body-primary font-bold text-body-m">Post Date</span><span class="relative flex items-center justify-center ml-1 text-icon-s invisible group-hover:visible"><svg aria-hidden="true" focusable="false" data-prefix="fal" data-icon="arrow-down-long" class="svg-inline--fa fa-arrow-down-long " role="img" xmlns="http://www.w3.org/2000/svg" viewBox="0 0 384 512"><path fill="currentColor" d="M180.7 507.3c6.2 6.2 16.4 6.2 22.6 0l144-144c6.2-6.2 6.2-16.4 0-22.6s-16.4-6.2-22.6 0L208 457.4 208 16c0-8.8-7.2-16-16-16s-16 7.2-16 16l0 441.4L59.3 340.7c-6.2-6.2-16.4-6.2-22.6 0s-6.2 16.4 0 22.6l144 144z"></path></svg></span></div></span></th><th data-testid="action" colspan="1" class="whitespace-nowrap bg-primary px-2 py-1 text-left" style="width: 150px; max-width: 320px;"><span class="flex items-center gap-2"><div role="button" class="group flex items-center overflow-hidden cursor-pointer" analyticsid="thSortToggle" analyticsval1="action" analyticsval2=""><span class="font-qanelas truncate text-body-secondary group-hover:text-body-primary font-bold text-body-m">Action</span><span class="relative flex items-center justify-center ml-1 text-icon-s invisible group-hover:visible"><svg aria-hidden="true" focusable="false" data-prefix="fal" data-icon="arrow-down-long" class="svg-inline--fa fa-arrow-down-long " role="img" xmlns="http://www.w3.org/2000/svg" viewBox="0 0 384 512"><path fill="currentColor" d="M180.7 507.3c6.2 6.2 16.4 6.2 22.6 0l144-144c6.2-6.2 6.2-16.4 0-22.6s-16.4-6.2-22.6 0L208 457.4 208 16c0-8.8-7.2-16-16-16s-16 7.2-16 16l0 441.4L59.3 340.7c-6.2-6.2-16.4-6.2-22.6 0s-6.2 16.4 0 22.6l144 144z"></path></svg></span></div></span></th><th data-testid="author" colspan="1" class="whitespace-nowrap bg-primary px-2 py-1 text-left" style="width: 150px; max-width: 320px;"><span class="flex items-center gap-2"><div role="button" class="group flex items-center overflow-hidden cursor-pointer" analyticsid="thSortToggle" analyticsval1="author" analyticsval2=""><span class="font-qanelas truncate text-body-secondary group-hover:text-body-primary font-bold text-body-m">Author</span><span class="relative flex items-center justify-center ml-1 text-icon-s invisible group-hover:visible"><svg aria-hidden="true" focusable="false" data-prefix="fal" data-icon="arrow-down-long" class="svg-inline--fa fa-arrow-down-long " role="img" xmlns="http://www.w3.org/2000/svg" viewBox="0 0 384 512"><path fill="currentColor" d="M180.7 507.3c6.2 6.2 16.4 6.2 22.6 0l144-144c6.2-6.2 6.2-16.4 0-22.6s-16.4-6.2-22.6 0L208 457.4 208 16c0-8.8-7.2-16-16-16s-16 7.2-16 16l0 441.4L59.3 340.7c-6.2-6.2-16.4-6.2-22.6 0s-6.2 16.4 0 22.6l144 144z"></path></svg></span></div></span></th><th data-testid="authorUrl" colspan="1" class="whitespace-nowrap bg-primary px-2 py-1 text-left" style="width: 150px; max-width: 320px;"><span class="flex items-center gap-2"><div role="button" class="group flex items-center overflow-hidden cursor-pointer" analyticsid="thSortToggle" analyticsval1="authorUrl" analyticsval2=""><span class="font-qanelas truncate text-body-secondary group-hover:text-body-primary font-bold text-body-m">Author Url</span><span class="relative flex items-center justify-center ml-1 text-icon-s invisible group-hover:visible"><svg aria-hidden="true" focusable="false" data-prefix="fal" data-icon="arrow-down-long" class="svg-inline--fa fa-arrow-down-long " role="img" xmlns="http://www.w3.org/2000/svg" viewBox="0 0 384 512"><path fill="currentColor" d="M180.7 507.3c6.2 6.2 16.4 6.2 22.6 0l144-144c6.2-6.2 6.2-16.4 0-22.6s-16.4-6.2-22.6 0L208 457.4 208 16c0-8.8-7.2-16-16-16s-16 7.2-16 16l0 441.4L59.3 340.7c-6.2-6.2-16.4-6.2-22.6 0s-6.2 16.4 0 22.6l144 144z"></path></svg></span></div></span></th><th data-testid="profileUrl" colspan="1" class="whitespace-nowrap bg-primary px-2 py-1 text-left" style="width: 150px; max-width: 320px;"><span class="flex items-center gap-2"><div role="button" class="group flex items-center overflow-hidden cursor-pointer" analyticsid="thSortToggle" analyticsval1="profileUrl" analyticsval2=""><span class="font-qanelas truncate text-body-secondary group-hover:text-body-primary font-bold text-body-m">Profile Url</span><span class="relative flex items-center justify-center ml-1 text-icon-s invisible group-hover:visible"><svg aria-hidden="true" focusable="false" data-prefix="fal" data-icon="arrow-down-long" class="svg-inline--fa fa-arrow-down-long " role="img" xmlns="http://www.w3.org/2000/svg" viewBox="0 0 384 512"><path fill="currentColor" d="M180.7 507.3c6.2 6.2 16.4 6.2 22.6 0l144-144c6.2-6.2 6.2-16.4 0-22.6s-16.4-6.2-22.6 0L208 457.4 208 16c0-8.8-7.2-16-16-16s-16 7.2-16 16l0 441.4L59.3 340.7c-6.2-6.2-16.4-6.2-22.6 0s-6.2 16.4 0 22.6l144 144z"></path></svg></span></div></span></th><th data-testid="timestamp" colspan="1" class="whitespace-nowrap bg-primary px-2 py-1 text-left" style="width: 150px; max-width: 320px;"><span class="flex items-center gap-2"><div role="button" class="group flex items-center overflow-hidden cursor-pointer" analyticsid="thSortToggle" analyticsval1="timestamp" analyticsval2=""><span class="font-qanelas truncate text-body-secondary group-hover:text-body-primary font-bold text-body-m">Timestamp</span><span class="relative flex items-center justify-center ml-1 text-icon-s invisible group-hover:visible"><svg aria-hidden="true" focusable="false" data-prefix="fal" data-icon="arrow-down-long" class="svg-inline--fa fa-arrow-down-long " role="img" xmlns="http://www.w3.org/2000/svg" viewBox="0 0 384 512"><path fill="currentColor" d="M180.7 507.3c6.2 6.2 16.4 6.2 22.6 0l144-144c6.2-6.2 6.2-16.4 0-22.6s-16.4-6.2-22.6 0L208 457.4 208 16c0-8.8-7.2-16-16-16s-16 7.2-16 16l0 441.4L59.3 340.7c-6.2-6.2-16.4-6.2-22.6 0s-6.2 16.4 0 22.6l144 144z"></path></svg></span></div></span></th><th data-testid="viewCount" colspan="1" class="whitespace-nowrap bg-primary px-2 py-1 text-left" style="width: 150px; max-width: 320px;"><span class="flex items-center gap-2"><div role="button" class="group flex items-center overflow-hidden cursor-pointer" analyticsid="thSortToggle" analyticsval1="viewCount" analyticsval2=""><span class="font-qanelas truncate text-body-secondary group-hover:text-body-primary font-bold text-body-m">View Count</span><span class="relative flex items-center justify-center ml-1 text-icon-s invisible group-hover:visible"><svg aria-hidden="true" focusable="false" data-prefix="fal" data-icon="arrow-down-long" class="svg-inline--fa fa-arrow-down-long " role="img" xmlns="http://www.w3.org/2000/svg" viewBox="0 0 384 512"><path fill="currentColor" d="M180.7 507.3c6.2 6.2 16.4 6.2 22.6 0l144-144c6.2-6.2 6.2-16.4 0-22.6s-16.4-6.2-22.6 0L208 457.4 208 16c0-8.8-7.2-16-16-16s-16 7.2-16 16l0 441.4L59.3 340.7c-6.2-6.2-16.4-6.2-22.6 0s-6.2 16.4 0 22.6l144 144z"></path></svg></span></div></span></th><th data-testid="postTimestamp" colspan="1" class="whitespace-nowrap bg-primary px-2 py-1 text-left" style="width: 150px; max-width: 320px;"><span class="flex items-center gap-2"><div role="button" class="group flex items-center overflow-hidden cursor-pointer" analyticsid="thSortToggle" analyticsval1="postTimestamp" analyticsval2=""><span class="font-qanelas truncate text-body-secondary group-hover:text-body-primary font-bold text-body-m">Post Timestamp</span><span class="relative flex items-center justify-center ml-1 text-icon-s invisible group-hover:visible"><svg aria-hidden="true" focusable="false" data-prefix="fal" data-icon="arrow-down-long" class="svg-inline--fa fa-arrow-down-long " role="img" xmlns="http://www.w3.org/2000/svg" viewBox="0 0 384 512"><path fill="currentColor" d="M180.7 507.3c6.2 6.2 16.4 6.2 22.6 0l144-144c6.2-6.2 6.2-16.4 0-22.6s-16.4-6.2-22.6 0L208 457.4 208 16c0-8.8-7.2-16-16-16s-16 7.2-16 16l0 441.4L59.3 340.7c-6.2-6.2-16.4-6.2-22.6 0s-6.2 16.4 0 22.6l144 144z"></path></svg></span></div></span></th></tr></thead><tbody><tr class="group animate-loading-new-leads opacity-0 first:rounded-t-0 last:rounded-b-0" analyticsid="table-row-0"><td data-testid="0_postUrl" class="h-7 bg-base px-2 py-1 text-left group-hover:bg-primary descendant:text-body-secondary group-hover:descendant:text-body-primary border-b border-base group-last:border-b-0" style="width: 150px; max-width: 320px;"><span class="flex items-center gap-2"><span class="truncate"><a analyticsid="csvInteractiveTableLink" class="inline-flex items-center justify-center space-x-0.5 text-body-l text-link-default hover:text-link-hover focus:text-link-hover  cursor-pointer !flex !justify-start children:no-underline group-hover:children:underline truncate max-w-full !block" target="_blank" rel="noopener noreferrer" title="https://www.linkedin.com/feed/update/urn:li:activity:7374366756212998144" as="anchor" href="https://www.linkedin.com/feed/update/urn:li:activity:7374366756212998144"><span class="font-qanelas block group-hover:!text-link-default text-body-secondary underline truncate max-w-full !block font-medium text-body-l">https://www.linkedin.com/feed/update/urn:li:activity:7374366756212998144</span><span class="flex h-3 w-3 items-center justify-center pl-0.5"><span class="relative flex items-center justify-center -ml-1 hidden text-icon-s group-hover:block descendant:!text-link-default"><svg aria-hidden="true" focusable="false" data-prefix="fas" data-icon="arrow-up-right-from-square" class="svg-inline--fa fa-arrow-up-right-from-square " role="img" xmlns="http://www.w3.org/2000/svg" viewBox="0 0 512 512"><path fill="currentColor" d="M320 0c-17.7 0-32 14.3-32 32s14.3 32 32 32h82.7L201.4 265.4c-12.5 12.5-12.5 32.8 0 45.3s32.8 12.5 45.3 0L448 109.3V192c0 17.7 14.3 32 32 32s32-14.3 32-32V32c0-17.7-14.3-32-32-32H320zM80 32C35.8 32 0 67.8 0 112V432c0 44.2 35.8 80 80 80H400c44.2 0 80-35.8 80-80V320c0-17.7-14.3-32-32-32s-32 14.3-32 32V432c0 8.8-7.2 16-16 16H80c-8.8 0-16-7.2-16-16V112c0-8.8 7.2-16 16-16H192c17.7 0 32-14.3 32-32s-14.3-32-32-32H80z"></path></svg></span></span></a></span></span></td><td data-testid="0_sharedPostUrl" class="h-7 bg-base px-2 py-1 text-left group-hover:bg-primary descendant:text-body-secondary group-hover:descendant:text-body-primary border-b border-base group-last:border-b-0" style="width: 150px; max-width: 320px;"><span class="flex items-center gap-2"><span class="truncate"><a analyticsid="csvInteractiveTableLink" class="inline-flex items-center justify-center space-x-0.5 text-body-l text-link-default hover:text-link-hover focus:text-link-hover  cursor-pointer !flex !justify-start children:no-underline group-hover:children:underline truncate max-w-full !block" target="_blank" rel="noopener noreferrer" title="https://www.linkedin.com/feed/update/urn:li:activity:7374361533960822784/" as="anchor" href="https://www.linkedin.com/feed/update/urn:li:activity:7374361533960822784/"><span class="font-qanelas block group-hover:!text-link-default text-body-secondary underline truncate max-w-full !block font-medium text-body-l">https://www.linkedin.com/feed/update/urn:li:activity:7374361533960822784/</span><span class="flex h-3 w-3 items-center justify-center pl-0.5"><span class="relative flex items-center justify-center -ml-1 hidden text-icon-s group-hover:block descendant:!text-link-default"><svg aria-hidden="true" focusable="false" data-prefix="fas" data-icon="arrow-up-right-from-square" class="svg-inline--fa fa-arrow-up-right-from-square " role="img" xmlns="http://www.w3.org/2000/svg" viewBox="0 0 512 512"><path fill="currentColor" d="M320 0c-17.7 0-32 14.3-32 32s14.3 32 32 32h82.7L201.4 265.4c-12.5 12.5-12.5 32.8 0 45.3s32.8 12.5 45.3 0L448 109.3V192c0 17.7 14.3 32 32 32s32-14.3 32-32V32c0-17.7-14.3-32-32-32H320zM80 32C35.8 32 0 67.8 0 112V432c0 44.2 35.8 80 80 80H400c44.2 0 80-35.8 80-80V320c0-17.7-14.3-32-32-32s-32 14.3-32 32V432c0 8.8-7.2 16-16 16H80c-8.8 0-16-7.2-16-16V112c0-8.8 7.2-16 16-16H192c17.7 0 32-14.3 32-32s-14.3-32-32-32H80z"></path></svg></span></span></a></span></span></td><td data-testid="0_imgUrl" class="h-7 bg-base px-2 py-1 text-left group-hover:bg-primary descendant:text-body-secondary group-hover:descendant:text-body-primary border-b border-base group-last:border-b-0" style="width: 150px; max-width: 320px;"><span class="flex items-center gap-2"><span class="truncate"><a analyticsid="csvInteractiveTableLink" class="inline-flex items-center justify-center space-x-0.5 text-body-l text-link-default hover:text-link-hover focus:text-link-hover  cursor-pointer !flex !justify-start children:no-underline group-hover:children:underline truncate max-w-full !block" target="_blank" rel="noopener noreferrer" title="https://media.licdn.com/dms/image/v2/D5622AQG2xs1UUXMMtA/feedshare-shrink_800/B56Zlb.tv6HcAg-/0/1758184797792?e=1762992000&amp;v=beta&amp;t=BaEuYGDNRBUwA2L7K_xg8SU5pQyt65Hwhv5W8ISaCvg" as="anchor" href="https://media.licdn.com/dms/image/v2/D5622AQG2xs1UUXMMtA/feedshare-shrink_800/B56Zlb.tv6HcAg-/0/1758184797792?e=1762992000&amp;v=beta&amp;t=BaEuYGDNRBUwA2L7K_xg8SU5pQyt65Hwhv5W8ISaCvg"><span class="font-qanelas block group-hover:!text-link-default text-body-secondary underline truncate max-w-full !block font-medium text-body-l">https://media.licdn.com/dms/image/v2/D5622AQG2xs1UUXMMtA/feedshare-shrink_800/B56Zlb.tv6HcAg-/0/1758184797792?e=1762992000&amp;v=beta&amp;t=BaEuYGDNRBUwA2L7K_xg8SU5pQyt65Hwhv5W8ISaCvg</span><span class="flex h-3 w-3 items-center justify-center pl-0.5"><span class="relative flex items-center justify-center -ml-1 hidden text-icon-s group-hover:block descendant:!text-link-default"><svg aria-hidden="true" focusable="false" data-prefix="fas" data-icon="arrow-up-right-from-square" class="svg-inline--fa fa-arrow-up-right-from-square " role="img" xmlns="http://www.w3.org/2000/svg" viewBox="0 0 512 512"><path fill="currentColor" d="M320 0c-17.7 0-32 14.3-32 32s14.3 32 32 32h82.7L201.4 265.4c-12.5 12.5-12.5 32.8 0 45.3s32.8 12.5 45.3 0L448 109.3V192c0 17.7 14.3 32 32 32s32-14.3 32-32V32c0-17.7-14.3-32-32-32H320zM80 32C35.8 32 0 67.8 0 112V432c0 44.2 35.8 80 80 80H400c44.2 0 80-35.8 80-80V320c0-17.7-14.3-32-32-32s-32 14.3-32 32V432c0 8.8-7.2 16-16 16H80c-8.8 0-16-7.2-16-16V112c0-8.8 7.2-16 16-16H192c17.7 0 32-14.3 32-32s-14.3-32-32-32H80z"></path></svg></span></span></a></span></span></td><td data-testid="0_type" class="h-7 bg-base px-2 py-1 text-left group-hover:bg-primary descendant:text-body-secondary group-hover:descendant:text-body-primary border-b border-base group-last:border-b-0" style="width: 150px; max-width: 320px;"><span class="flex items-center gap-2"><span class="truncate"><span title="Image" class="font-qanelas text-body-secondary truncate max-w-full !block font-medium text-body-l">Image</span></span></span></td><td data-testid="0_postContent" class="h-7 bg-base px-2 py-1 text-left group-hover:bg-primary descendant:text-body-secondary group-hover:descendant:text-body-primary border-b border-base group-last:border-b-0" style="width: 150px; max-width: 320px;"><span class="flex items-center gap-2"><span class="truncate"><span title="Grateful to have shared our vision for the future of CRMs at Razorpay Rize Demo Day! 

Building Angoor AI alongside Rishabh Kumar and Anuj Agrawal has been an incredible journey. We're reimagining what customer relationship management can look like when AI and humans work in seamless collaboration.

The traditional CRM is broken - it's fragmented, with touchpoints that are disconnected, and manual processes that slow everything down. At Angoor, we're creating an AI-native platform that unifies the entire B2C customer journey with intelligent context and automation.

Thank you to the Razorpay team and everyone who joined Demo Day. The response has been overwhelming, and we're just getting started!
Excited to transform how businesses grow and create those unforgettable customer experiences. ðŸš€

#AngoorAI #CRM #AIFirst #RazorpayRize #StartupJourney #CustomerExperience" class="font-qanelas text-body-secondary truncate max-w-full !block font-medium text-body-l">Grateful to have shared our vision for the future of CRMs at Razorpay Rize Demo Day! 

Building Angoor AI alongside Rishabh Kumar and Anuj Agrawal has been an incredible journey. We're reimagining what customer relationship management can look like when AI and humans work in seamless collaboration.

The traditional CRM is broken - it's fragmented, with touchpoints that are disconnected, and manual processes that slow everything down. At Angoor, we're creating an AI-native platform that unifies the entire B2C customer journey with intelligent context and automation.

Thank you to the Razorpay team and everyone who joined Demo Day. The response has been overwhelming, and we're just getting started!
Excited to transform how businesses grow and create those unforgettable customer experiences. ðŸš€

#AngoorAI #CRM #AIFirst #RazorpayRize #StartupJourney #CustomerExperience</span></span></span></td><td data-testid="0_likeCount" class="h-7 bg-base px-2 py-1 text-left group-hover:bg-primary descendant:text-body-secondary group-hover:descendant:text-body-primary border-b border-base group-last:border-b-0" style="width: 150px; max-width: 320px;"><span class="flex items-center gap-2"><span class="truncate"><span title="14" class="font-qanelas text-body-secondary truncate max-w-full !block font-medium text-body-l">14</span></span></span></td><td data-testid="0_commentCount" class="h-7 bg-base px-2 py-1 text-left group-hover:bg-primary descendant:text-body-secondary group-hover:descendant:text-body-primary border-b border-base group-last:border-b-0" style="width: 150px; max-width: 320px;"><span class="flex items-center gap-2"><span class="truncate"><span title="0" class="font-qanelas text-body-secondary truncate max-w-full !block font-medium text-body-l">0</span></span></span></td><td data-testid="0_repostCount" class="h-7 bg-base px-2 py-1 text-left group-hover:bg-primary descendant:text-body-secondary group-hover:descendant:text-body-primary border-b border-base group-last:border-b-0" style="width: 150px; max-width: 320px;"><span class="flex items-center gap-2"><span class="truncate"><span title="0" class="font-qanelas text-body-secondary truncate max-w-full !block font-medium text-body-l">0</span></span></span></td><td data-testid="0_postDate" class="h-7 bg-base px-2 py-1 text-left group-hover:bg-primary descendant:text-body-secondary group-hover:descendant:text-body-primary border-b border-base group-last:border-b-0" style="width: 150px; max-width: 320px;"><span class="flex items-center gap-2"><span class="truncate"><span title="1mo" class="font-qanelas text-body-secondary truncate max-w-full !block font-medium text-body-l">1mo</span></span></span></td><td data-testid="0_action" class="h-7 bg-base px-2 py-1 text-left group-hover:bg-primary descendant:text-body-secondary group-hover:descendant:text-body-primary border-b border-base group-last:border-b-0" style="width: 150px; max-width: 320px;"><span class="flex items-center gap-2"><span class="truncate"><span title="Post" class="font-qanelas text-body-secondary truncate max-w-full !block font-medium text-body-l">Post</span></span></span></td><td data-testid="0_author" class="h-7 bg-base px-2 py-1 text-left group-hover:bg-primary descendant:text-body-secondary group-hover:descendant:text-body-primary border-b border-base group-last:border-b-0" style="width: 150px; max-width: 320px;"><span class="flex items-center gap-2"><span class="truncate"><span title="Arpit Agrawal" class="font-qanelas text-body-secondary truncate max-w-full !block font-medium text-body-l">Arpit Agrawal</span></span></span></td><td data-testid="0_authorUrl" class="h-7 bg-base px-2 py-1 text-left group-hover:bg-primary descendant:text-body-secondary group-hover:descendant:text-body-primary border-b border-base group-last:border-b-0" style="width: 150px; max-width: 320px;"><span class="flex items-center gap-2"><span class="truncate"><a analyticsid="csvInteractiveTableLink" class="inline-flex items-center justify-center space-x-0.5 text-body-l text-link-default hover:text-link-hover focus:text-link-hover  cursor-pointer !flex !justify-start children:no-underline group-hover:children:underline truncate max-w-full !block" target="_blank" rel="noopener noreferrer" title="https://www.linkedin.com/in/arpit-agrawal-273813137" as="anchor" href="https://www.linkedin.com/in/arpit-agrawal-273813137"><span class="font-qanelas block group-hover:!text-link-default text-body-secondary underline truncate max-w-full !block font-medium text-body-l">https://www.linkedin.com/in/arpit-agrawal-273813137</span><span class="flex h-3 w-3 items-center justify-center pl-0.5"><span class="relative flex items-center justify-center -ml-1 hidden text-icon-s group-hover:block descendant:!text-link-default"><svg aria-hidden="true" focusable="false" data-prefix="fas" data-icon="arrow-up-right-from-square" class="svg-inline--fa fa-arrow-up-right-from-square " role="img" xmlns="http://www.w3.org/2000/svg" viewBox="0 0 512 512"><path fill="currentColor" d="M320 0c-17.7 0-32 14.3-32 32s14.3 32 32 32h82.7L201.4 265.4c-12.5 12.5-12.5 32.8 0 45.3s32.8 12.5 45.3 0L448 109.3V192c0 17.7 14.3 32 32 32s32-14.3 32-32V32c0-17.7-14.3-32-32-32H320zM80 32C35.8 32 0 67.8 0 112V432c0 44.2 35.8 80 80 80H400c44.2 0 80-35.8 80-80V320c0-17.7-14.3-32-32-32s-32 14.3-32 32V432c0 8.8-7.2 16-16 16H80c-8.8 0-16-7.2-16-16V112c0-8.8 7.2-16 16-16H192c17.7 0 32-14.3 32-32s-14.3-32-32-32H80z"></path></svg></span></span></a></span></span></td><td data-testid="0_profileUrl" class="h-7 bg-base px-2 py-1 text-left group-hover:bg-primary descendant:text-body-secondary group-hover:descendant:text-body-primary border-b border-base group-last:border-b-0" style="width: 150px; max-width: 320px;"><span class="flex items-center gap-2"><span class="truncate"><a analyticsid="csvInteractiveTableLink" class="inline-flex items-center justify-center space-x-0.5 text-body-l text-link-default hover:text-link-hover focus:text-link-hover  cursor-pointer !flex !justify-start children:no-underline group-hover:children:underline truncate max-w-full !block" target="_blank" rel="noopener noreferrer" title="https://www.linkedin.com/in/arpit-agrawal-273813137/" as="anchor" href="https://www.linkedin.com/in/arpit-agrawal-273813137/"><span class="font-qanelas block group-hover:!text-link-default text-body-secondary underline truncate max-w-full !block font-medium text-body-l">https://www.linkedin.com/in/arpit-agrawal-273813137/</span><span class="flex h-3 w-3 items-center justify-center pl-0.5"><span class="relative flex items-center justify-center -ml-1 hidden text-icon-s group-hover:block descendant:!text-link-default"><svg aria-hidden="true" focusable="false" data-prefix="fas" data-icon="arrow-up-right-from-square" class="svg-inline--fa fa-arrow-up-right-from-square " role="img" xmlns="http://www.w3.org/2000/svg" viewBox="0 0 512 512"><path fill="currentColor" d="M320 0c-17.7 0-32 14.3-32 32s14.3 32 32 32h82.7L201.4 265.4c-12.5 12.5-12.5 32.8 0 45.3s32.8 12.5 45.3 0L448 109.3V192c0 17.7 14.3 32 32 32s32-14.3 32-32V32c0-17.7-14.3-32-32-32H320zM80 32C35.8 32 0 67.8 0 112V432c0 44.2 35.8 80 80 80H400c44.2 0 80-35.8 80-80V320c0-17.7-14.3-32-32-32s-32 14.3-32 32V432c0 8.8-7.2 16-16 16H80c-8.8 0-16-7.2-16-16V112c0-8.8 7.2-16 16-16H192c17.7 0 32-14.3 32-32s-14.3-32-32-32H80z"></path></svg></span></span></a></span></span></td><td data-testid="0_timestamp" class="h-7 bg-base px-2 py-1 text-left group-hover:bg-primary descendant:text-body-secondary group-hover:descendant:text-body-primary border-b border-base group-last:border-b-0" style="width: 150px; max-width: 320px;"><span class="flex items-center gap-2"><span class="truncate"><span class="font-qanelas text-body-secondary font-medium text-body-l">Today at 11:22</span></span></span></td><td data-testid="0_viewCount" class="h-7 bg-base px-2 py-1 text-left group-hover:bg-primary descendant:text-body-secondary group-hover:descendant:text-body-primary border-b border-base group-last:border-b-0" style="width: 150px; max-width: 320px;"><span class="flex items-center gap-2"><span class="truncate"><span title="" class="font-qanelas text-body-secondary truncate max-w-full !block font-medium text-body-l"></span></span></span></td><td data-testid="0_postTimestamp" class="h-7 bg-base px-2 py-1 text-left group-hover:bg-primary descendant:text-body-secondary group-hover:descendant:text-body-primary border-b border-base group-last:border-b-0" style="width: 150px; max-width: 320px;"><span class="flex items-center gap-2"><span class="truncate"><span class="font-qanelas text-body-secondary font-medium text-body-l">Sep 18</span></span></span></td></tr><tr class="group animate-loading-new-leads opacity-0 first:rounded-t-0 last:rounded-b-0" analyticsid="table-row-1"><td data-testid="1_postUrl" class="h-7 bg-base px-2 py-1 text-left group-hover:bg-primary descendant:text-body-secondary group-hover:descendant:text-body-primary border-b border-base group-last:border-b-0" style="width: 150px; max-width: 320px;"><span class="flex items-center gap-2"><span class="truncate"><a analyticsid="csvInteractiveTableLink" class="inline-flex items-center justify-center space-x-0.5 text-body-l text-link-default hover:text-link-hover focus:text-link-hover  cursor-pointer !flex !justify-start children:no-underline group-hover:children:underline truncate max-w-full !block" target="_blank" rel="noopener noreferrer" title="https://www.linkedin.com/feed/update/urn:li:activity:7360280680267689984" as="anchor" href="https://www.linkedin.com/feed/update/urn:li:activity:7360280680267689984"><span class="font-qanelas block group-hover:!text-link-default text-body-secondary underline truncate max-w-full !block font-medium text-body-l">https://www.linkedin.com/feed/update/urn:li:activity:7360280680267689984</span><span class="flex h-3 w-3 items-center justify-center pl-0.5"><span class="relative flex items-center justify-center -ml-1 hidden text-icon-s group-hover:block descendant:!text-link-default"><svg aria-hidden="true" focusable="false" data-prefix="fas" data-icon="arrow-up-right-from-square" class="svg-inline--fa fa-arrow-up-right-from-square " role="img" xmlns="http://www.w3.org/2000/svg" viewBox="0 0 512 512"><path fill="currentColor" d="M320 0c-17.7 0-32 14.3-32 32s14.3 32 32 32h82.7L201.4 265.4c-12.5 12.5-12.5 32.8 0 45.3s32.8 12.5 45.3 0L448 109.3V192c0 17.7 14.3 32 32 32s32-14.3 32-32V32c0-17.7-14.3-32-32-32H320zM80 32C35.8 32 0 67.8 0 112V432c0 44.2 35.8 80 80 80H400c44.2 0 80-35.8 80-80V320c0-17.7-14.3-32-32-32s-32 14.3-32 32V432c0 8.8-7.2 16-16 16H80c-8.8 0-16-7.2-16-16V112c0-8.8 7.2-16 16-16H192c17.7 0 32-14.3 32-32s-14.3-32-32-32H80z"></path></svg></span></span></a></span></span></td><td data-testid="1_sharedPostUrl" class="h-7 bg-base px-2 py-1 text-left group-hover:bg-primary descendant:text-body-secondary group-hover:descendant:text-body-primary border-b border-base group-last:border-b-0" style="width: 150px; max-width: 320px;"><span class="flex items-center gap-2"><span class="truncate"><a analyticsid="csvInteractiveTableLink" class="inline-flex items-center justify-center space-x-0.5 text-body-l text-link-default hover:text-link-hover focus:text-link-hover  cursor-pointer !flex !justify-start children:no-underline group-hover:children:underline truncate max-w-full !block" target="_blank" rel="noopener noreferrer" title="https://www.linkedin.com/feed/update/urn:li:activity:7360277873632473088/" as="anchor" href="https://www.linkedin.com/feed/update/urn:li:activity:7360277873632473088/"><span class="font-qanelas block group-hover:!text-link-default text-body-secondary underline truncate max-w-full !block font-medium text-body-l">https://www.linkedin.com/feed/update/urn:li:activity:7360277873632473088/</span><span class="flex h-3 w-3 items-center justify-center pl-0.5"><span class="relative flex items-center justify-center -ml-1 hidden text-icon-s group-hover:block descendant:!text-link-default"><svg aria-hidden="true" focusable="false" data-prefix="fas" data-icon="arrow-up-right-from-square" class="svg-inline--fa fa-arrow-up-right-from-square " role="img" xmlns="http://www.w3.org/2000/svg" viewBox="0 0 512 512"><path fill="currentColor" d="M320 0c-17.7 0-32 14.3-32 32s14.3 32 32 32h82.7L201.4 265.4c-12.5 12.5-12.5 32.8 0 45.3s32.8 12.5 45.3 0L448 109.3V192c0 17.7 14.3 32 32 32s32-14.3 32-32V32c0-17.7-14.3-32-32-32H320zM80 32C35.8 32 0 67.8 0 112V432c0 44.2 35.8 80 80 80H400c44.2 0 80-35.8 80-80V320c0-17.7-14.3-32-32-32s-32 14.3-32 32V432c0 8.8-7.2 16-16 16H80c-8.8 0-16-7.2-16-16V112c0-8.8 7.2-16 16-16H192c17.7 0 32-14.3 32-32s-14.3-32-32-32H80z"></path></svg></span></span></a></span></span></td><td data-testid="1_imgUrl" class="h-7 bg-base px-2 py-1 text-left group-hover:bg-primary descendant:text-body-secondary group-hover:descendant:text-body-primary border-b border-base group-last:border-b-0" style="width: 150px; max-width: 320px;"><span class="flex items-center gap-2"><span class="truncate"><a analyticsid="csvInteractiveTableLink" class="inline-flex items-center justify-center space-x-0.5 text-body-l text-link-default hover:text-link-hover focus:text-link-hover  cursor-pointer !flex !justify-start children:no-underline group-hover:children:underline truncate max-w-full !block" target="_blank" rel="noopener noreferrer" title="https://media.licdn.com/dms/image/v2/D4D22AQH-VZISFz28fA/feedshare-shrink_800/B4DZiT1teyGQAk-/0/1754826990385?e=1762992000&amp;v=beta&amp;t=ExEk8dqptYwfEFCjt6_RNVICGI7mLOnAAOiLZFzDc9A" as="anchor" href="https://media.licdn.com/dms/image/v2/D4D22AQH-VZISFz28fA/feedshare-shrink_800/B4DZiT1teyGQAk-/0/1754826990385?e=1762992000&amp;v=beta&amp;t=ExEk8dqptYwfEFCjt6_RNVICGI7mLOnAAOiLZFzDc9A"><span class="font-qanelas block group-hover:!text-link-default text-body-secondary underline truncate max-w-full !block font-medium text-body-l">https://media.licdn.com/dms/image/v2/D4D22AQH-VZISFz28fA/feedshare-shrink_800/B4DZiT1teyGQAk-/0/1754826990385?e=1762992000&amp;v=beta&amp;t=ExEk8dqptYwfEFCjt6_RNVICGI7mLOnAAOiLZFzDc9A</span><span class="flex h-3 w-3 items-center justify-center pl-0.5"><span class="relative flex items-center justify-center -ml-1 hidden text-icon-s group-hover:block descendant:!text-link-default"><svg aria-hidden="true" focusable="false" data-prefix="fas" data-icon="arrow-up-right-from-square" class="svg-inline--fa fa-arrow-up-right-from-square " role="img" xmlns="http://www.w3.org/2000/svg" viewBox="0 0 512 512"><path fill="currentColor" d="M320 0c-17.7 0-32 14.3-32 32s14.3 32 32 32h82.7L201.4 265.4c-12.5 12.5-12.5 32.8 0 45.3s32.8 12.5 45.3 0L448 109.3V192c0 17.7 14.3 32 32 32s32-14.3 32-32V32c0-17.7-14.3-32-32-32H320zM80 32C35.8 32 0 67.8 0 112V432c0 44.2 35.8 80 80 80H400c44.2 0 80-35.8 80-80V320c0-17.7-14.3-32-32-32s-32 14.3-32 32V432c0 8.8-7.2 16-16 16H80c-8.8 0-16-7.2-16-16V112c0-8.8 7.2-16 16-16H192c17.7 0 32-14.3 32-32s-14.3-32-32-32H80z"></path></svg></span></span></a></span></span></td><td data-testid="1_type" class="h-7 bg-base px-2 py-1 text-left group-hover:bg-primary descendant:text-body-secondary group-hover:descendant:text-body-primary border-b border-base group-last:border-b-0" style="width: 150px; max-width: 320px;"><span class="flex items-center gap-2"><span class="truncate"><span title="Image" class="font-qanelas text-body-secondary truncate max-w-full !block font-medium text-body-l">Image</span></span></span></td><td data-testid="1_postContent" class="h-7 bg-base px-2 py-1 text-left group-hover:bg-primary descendant:text-body-secondary group-hover:descendant:text-body-primary border-b border-base group-last:border-b-0" style="width: 150px; max-width: 320px;"><span class="flex items-center gap-2"><span class="truncate"><span title="Globridge didn't just adopt AI - they transformed their entire lead qualification approach. As one of our pioneering customers, they've shown what's possible when you move beyond basic automation.
The journey from concept to results â†’ https://lnkd.in/dq3StxFy

Grateful to Aditya Kadmawala for being an early believer in our mission.
#Innovation #AITransformation #EarlyAdopters" class="font-qanelas text-body-secondary truncate max-w-full !block font-medium text-body-l">Globridge didn't just adopt AI - they transformed their entire lead qualification approach. As one of our pioneering customers, they've shown what's possible when you move beyond basic automation.
The journey from concept to results â†’ https://lnkd.in/dq3StxFy

Grateful to Aditya Kadmawala for being an early believer in our mission.
#Innovation #AITransformation #EarlyAdopters</span></span></span></td><td data-testid="1_likeCount" class="h-7 bg-base px-2 py-1 text-left group-hover:bg-primary descendant:text-body-secondary group-hover:descendant:text-body-primary border-b border-base group-last:border-b-0" style="width: 150px; max-width: 320px;"><span class="flex items-center gap-2"><span class="truncate"><span title="15" class="font-qanelas text-body-secondary truncate max-w-full !block font-medium text-body-l">15</span></span></span></td><td data-testid="1_commentCount" class="h-7 bg-base px-2 py-1 text-left group-hover:bg-primary descendant:text-body-secondary group-hover:descendant:text-body-primary border-b border-base group-last:border-b-0" style="width: 150px; max-width: 320px;"><span class="flex items-center gap-2"><span class="truncate"><span title="0" class="font-qanelas text-body-secondary truncate max-w-full !block font-medium text-body-l">0</span></span></span></td><td data-testid="1_repostCount" class="h-7 bg-base px-2 py-1 text-left group-hover:bg-primary descendant:text-body-secondary group-hover:descendant:text-body-primary border-b border-base group-last:border-b-0" style="width: 150px; max-width: 320px;"><span class="flex items-center gap-2"><span class="truncate"><span title="0" class="font-qanelas text-body-secondary truncate max-w-full !block font-medium text-body-l">0</span></span></span></td><td data-testid="1_postDate" class="h-7 bg-base px-2 py-1 text-left group-hover:bg-primary descendant:text-body-secondary group-hover:descendant:text-body-primary border-b border-base group-last:border-b-0" style="width: 150px; max-width: 320px;"><span class="flex items-center gap-2"><span class="truncate"><span title="2mo" class="font-qanelas text-body-secondary truncate max-w-full !block font-medium text-body-l">2mo</span></span></span></td><td data-testid="1_action" class="h-7 bg-base px-2 py-1 text-left group-hover:bg-primary descendant:text-body-secondary group-hover:descendant:text-body-primary border-b border-base group-last:border-b-0" style="width: 150px; max-width: 320px;"><span class="flex items-center gap-2"><span class="truncate"><span title="Post" class="font-qanelas text-body-secondary truncate max-w-full !block font-medium text-body-l">Post</span></span></span></td><td data-testid="1_author" class="h-7 bg-base px-2 py-1 text-left group-hover:bg-primary descendant:text-body-secondary group-hover:descendant:text-body-primary border-b border-base group-last:border-b-0" style="width: 150px; max-width: 320px;"><span class="flex items-center gap-2"><span class="truncate"><span title="Arpit Agrawal" class="font-qanelas text-body-secondary truncate max-w-full !block font-medium text-body-l">Arpit Agrawal</span></span></span></td><td data-testid="1_authorUrl" class="h-7 bg-base px-2 py-1 text-left group-hover:bg-primary descendant:text-body-secondary group-hover:descendant:text-body-primary border-b border-base group-last:border-b-0" style="width: 150px; max-width: 320px;"><span class="flex items-center gap-2"><span class="truncate"><a analyticsid="csvInteractiveTableLink" class="inline-flex items-center justify-center space-x-0.5 text-body-l text-link-default hover:text-link-hover focus:text-link-hover  cursor-pointer !flex !justify-start children:no-underline group-hover:children:underline truncate max-w-full !block" target="_blank" rel="noopener noreferrer" title="https://www.linkedin.com/in/arpit-agrawal-273813137" as="anchor" href="https://www.linkedin.com/in/arpit-agrawal-273813137"><span class="font-qanelas block group-hover:!text-link-default text-body-secondary underline truncate max-w-full !block font-medium text-body-l">https://www.linkedin.com/in/arpit-agrawal-273813137</span><span class="flex h-3 w-3 items-center justify-center pl-0.5"><span class="relative flex items-center justify-center -ml-1 hidden text-icon-s group-hover:block descendant:!text-link-default"><svg aria-hidden="true" focusable="false" data-prefix="fas" data-icon="arrow-up-right-from-square" class="svg-inline--fa fa-arrow-up-right-from-square " role="img" xmlns="http://www.w3.org/2000/svg" viewBox="0 0 512 512"><path fill="currentColor" d="M320 0c-17.7 0-32 14.3-32 32s14.3 32 32 32h82.7L201.4 265.4c-12.5 12.5-12.5 32.8 0 45.3s32.8 12.5 45.3 0L448 109.3V192c0 17.7 14.3 32 32 32s32-14.3 32-32V32c0-17.7-14.3-32-32-32H320zM80 32C35.8 32 0 67.8 0 112V432c0 44.2 35.8 80 80 80H400c44.2 0 80-35.8 80-80V320c0-17.7-14.3-32-32-32s-32 14.3-32 32V432c0 8.8-7.2 16-16 16H80c-8.8 0-16-7.2-16-16V112c0-8.8 7.2-16 16-16H192c17.7 0 32-14.3 32-32s-14.3-32-32-32H80z"></path></svg></span></span></a></span></span></td><td data-testid="1_profileUrl" class="h-7 bg-base px-2 py-1 text-left group-hover:bg-primary descendant:text-body-secondary group-hover:descendant:text-body-primary border-b border-base group-last:border-b-0" style="width: 150px; max-width: 320px;"><span class="flex items-center gap-2"><span class="truncate"><a analyticsid="csvInteractiveTableLink" class="inline-flex items-center justify-center space-x-0.5 text-body-l text-link-default hover:text-link-hover focus:text-link-hover  cursor-pointer !flex !justify-start children:no-underline group-hover:children:underline truncate max-w-full !block" target="_blank" rel="noopener noreferrer" title="https://www.linkedin.com/in/arpit-agrawal-273813137/" as="anchor" href="https://www.linkedin.com/in/arpit-agrawal-273813137/"><span class="font-qanelas block group-hover:!text-link-default text-body-secondary underline truncate max-w-full !block font-medium text-body-l">https://www.linkedin.com/in/arpit-agrawal-273813137/</span><span class="flex h-3 w-3 items-center justify-center pl-0.5"><span class="relative flex items-center justify-center -ml-1 hidden text-icon-s group-hover:block descendant:!text-link-default"><svg aria-hidden="true" focusable="false" data-prefix="fas" data-icon="arrow-up-right-from-square" class="svg-inline--fa fa-arrow-up-right-from-square " role="img" xmlns="http://www.w3.org/2000/svg" viewBox="0 0 512 512"><path fill="currentColor" d="M320 0c-17.7 0-32 14.3-32 32s14.3 32 32 32h82.7L201.4 265.4c-12.5 12.5-12.5 32.8 0 45.3s32.8 12.5 45.3 0L448 109.3V192c0 17.7 14.3 32 32 32s32-14.3 32-32V32c0-17.7-14.3-32-32-32H320zM80 32C35.8 32 0 67.8 0 112V432c0 44.2 35.8 80 80 80H400c44.2 0 80-35.8 80-80V320c0-17.7-14.3-32-32-32s-32 14.3-32 32V432c0 8.8-7.2 16-16 16H80c-8.8 0-16-7.2-16-16V112c0-8.8 7.2-16 16-16H192c17.7 0 32-14.3 32-32s-14.3-32-32-32H80z"></path></svg></span></span></a></span></span></td><td data-testid="1_timestamp" class="h-7 bg-base px-2 py-1 text-left group-hover:bg-primary descendant:text-body-secondary group-hover:descendant:text-body-primary border-b border-base group-last:border-b-0" style="width: 150px; max-width: 320px;"><span class="flex items-center gap-2"><span class="truncate"><span class="font-qanelas text-body-secondary font-medium text-body-l">Today at 11:22</span></span></span></td><td data-testid="1_viewCount" class="h-7 bg-base px-2 py-1 text-left group-hover:bg-primary descendant:text-body-secondary group-hover:descendant:text-body-primary border-b border-base group-last:border-b-0" style="width: 150px; max-width: 320px;"><span class="flex items-center gap-2"><span class="truncate"><span title="" class="font-qanelas text-body-secondary truncate max-w-full !block font-medium text-body-l"></span></span></span></td><td data-testid="1_postTimestamp" class="h-7 bg-base px-2 py-1 text-left group-hover:bg-primary descendant:text-body-secondary group-hover:descendant:text-body-primary border-b border-base group-last:border-b-0" style="width: 150px; max-width: 320px;"><span class="flex items-center gap-2"><span class="truncate"><span class="font-qanelas text-body-secondary font-medium text-body-l">Aug 10</span></span></span></td></tr><tr class="group animate-loading-new-leads opacity-0 first:rounded-t-0 last:rounded-b-0" analyticsid="table-row-2"><td data-testid="2_postUrl" class="h-7 bg-base px-2 py-1 text-left group-hover:bg-primary descendant:text-body-secondary group-hover:descendant:text-body-primary border-b border-base group-last:border-b-0" style="width: 150px; max-width: 320px;"><span class="flex items-center gap-2"><span class="truncate"><a analyticsid="csvInteractiveTableLink" class="inline-flex items-center justify-center space-x-0.5 text-body-l text-link-default hover:text-link-hover focus:text-link-hover  cursor-pointer !flex !justify-start children:no-underline group-hover:children:underline truncate max-w-full !block" target="_blank" rel="noopener noreferrer" title="https://www.linkedin.com/feed/update/urn:li:activity:7355550981478113280" as="anchor" href="https://www.linkedin.com/feed/update/urn:li:activity:7355550981478113280"><span class="font-qanelas block group-hover:!text-link-default text-body-secondary underline truncate max-w-full !block font-medium text-body-l">https://www.linkedin.com/feed/update/urn:li:activity:7355550981478113280</span><span class="flex h-3 w-3 items-center justify-center pl-0.5"><span class="relative flex items-center justify-center -ml-1 hidden text-icon-s group-hover:block descendant:!text-link-default"><svg aria-hidden="true" focusable="false" data-prefix="fas" data-icon="arrow-up-right-from-square" class="svg-inline--fa fa-arrow-up-right-from-square " role="img" xmlns="http://www.w3.org/2000/svg" viewBox="0 0 512 512"><path fill="currentColor" d="M320 0c-17.7 0-32 14.3-32 32s14.3 32 32 32h82.7L201.4 265.4c-12.5 12.5-12.5 32.8 0 45.3s32.8 12.5 45.3 0L448 109.3V192c0 17.7 14.3 32 32 32s32-14.3 32-32V32c0-17.7-14.3-32-32-32H320zM80 32C35.8 32 0 67.8 0 112V432c0 44.2 35.8 80 80 80H400c44.2 0 80-35.8 80-80V320c0-17.7-14.3-32-32-32s-32 14.3-32 32V432c0 8.8-7.2 16-16 16H80c-8.8 0-16-7.2-16-16V112c0-8.8 7.2-16 16-16H192c17.7 0 32-14.3 32-32s-14.3-32-32-32H80z"></path></svg></span></span></a></span></span></td><td data-testid="2_sharedPostUrl" class="h-7 bg-base px-2 py-1 text-left group-hover:bg-primary descendant:text-body-secondary group-hover:descendant:text-body-primary border-b border-base group-last:border-b-0" style="width: 150px; max-width: 320px;"><span class="flex items-center gap-2"><span class="truncate"><span title="" class="font-qanelas text-body-secondary truncate max-w-full !block font-medium text-body-l"></span></span></span></td><td data-testid="2_imgUrl" class="h-7 bg-base px-2 py-1 text-left group-hover:bg-primary descendant:text-body-secondary group-hover:descendant:text-body-primary border-b border-base group-last:border-b-0" style="width: 150px; max-width: 320px;"><span class="flex items-center gap-2"><span class="truncate"><a analyticsid="csvInteractiveTableLink" class="inline-flex items-center justify-center space-x-0.5 text-body-l text-link-default hover:text-link-hover focus:text-link-hover  cursor-pointer !flex !justify-start children:no-underline group-hover:children:underline truncate max-w-full !block" target="_blank" rel="noopener noreferrer" title="https://media.licdn.com/dms/image/v2/D4D22AQF22ejCynK1oA/feedshare-shrink_800/B4DZhQqok9HsAs-/0/1753700012229?e=1762992000&amp;v=beta&amp;t=XjrkfkDNRoZS8jymbIsoZEE93N1mxEsr8tiaCRkObPk" as="anchor" href="https://media.licdn.com/dms/image/v2/D4D22AQF22ejCynK1oA/feedshare-shrink_800/B4DZhQqok9HsAs-/0/1753700012229?e=1762992000&amp;v=beta&amp;t=XjrkfkDNRoZS8jymbIsoZEE93N1mxEsr8tiaCRkObPk"><span class="font-qanelas block group-hover:!text-link-default text-body-secondary underline truncate max-w-full !block font-medium text-body-l">https://media.licdn.com/dms/image/v2/D4D22AQF22ejCynK1oA/feedshare-shrink_800/B4DZhQqok9HsAs-/0/1753700012229?e=1762992000&amp;v=beta&amp;t=XjrkfkDNRoZS8jymbIsoZEE93N1mxEsr8tiaCRkObPk</span><span class="flex h-3 w-3 items-center justify-center pl-0.5"><span class="relative flex items-center justify-center -ml-1 hidden text-icon-s group-hover:block descendant:!text-link-default"><svg aria-hidden="true" focusable="false" data-prefix="fas" data-icon="arrow-up-right-from-square" class="svg-inline--fa fa-arrow-up-right-from-square " role="img" xmlns="http://www.w3.org/2000/svg" viewBox="0 0 512 512"><path fill="currentColor" d="M320 0c-17.7 0-32 14.3-32 32s14.3 32 32 32h82.7L201.4 265.4c-12.5 12.5-12.5 32.8 0 45.3s32.8 12.5 45.3 0L448 109.3V192c0 17.7 14.3 32 32 32s32-14.3 32-32V32c0-17.7-14.3-32-32-32H320zM80 32C35.8 32 0 67.8 0 112V432c0 44.2 35.8 80 80 80H400c44.2 0 80-35.8 80-80V320c0-17.7-14.3-32-32-32s-32 14.3-32 32V432c0 8.8-7.2 16-16 16H80c-8.8 0-16-7.2-16-16V112c0-8.8 7.2-16 16-16H192c17.7 0 32-14.3 32-32s-14.3-32-32-32H80z"></path></svg></span></span></a></span></span></td><td data-testid="2_type" class="h-7 bg-base px-2 py-1 text-left group-hover:bg-primary descendant:text-body-secondary group-hover:descendant:text-body-primary border-b border-base group-last:border-b-0" style="width: 150px; max-width: 320px;"><span class="flex items-center gap-2"><span class="truncate"><span title="Image" class="font-qanelas text-body-secondary truncate max-w-full !block font-medium text-body-l">Image</span></span></span></td><td data-testid="2_postContent" class="h-7 bg-base px-2 py-1 text-left group-hover:bg-primary descendant:text-body-secondary group-hover:descendant:text-body-primary border-b border-base group-last:border-b-0" style="width: 150px; max-width: 320px;"><span class="flex items-center gap-2"><span class="truncate"><span title="Honoured to be part of the panel discussion at Christ University, Bangalore, on the theme: AI and Human Collaboration â€“ The Next Frontier in Business Innovation.
In todayâ€™s rapidly evolving tech landscape, it is crucial to have conversations around how AI and humans can work together meaningfully. 
Eager to engage with new perspectives, share insights, and spark great conversations!" class="font-qanelas text-body-secondary truncate max-w-full !block font-medium text-body-l">Honoured to be part of the panel discussion at Christ University, Bangalore, on the theme: AI and Human Collaboration â€“ The Next Frontier in Business Innovation.
In todayâ€™s rapidly evolving tech landscape, it is crucial to have conversations around how AI and humans can work together meaningfully. 
Eager to engage with new perspectives, share insights, and spark great conversations!</span></span></span></td><td data-testid="2_likeCount" class="h-7 bg-base px-2 py-1 text-left group-hover:bg-primary descendant:text-body-secondary group-hover:descendant:text-body-primary border-b border-base group-last:border-b-0" style="width: 150px; max-width: 320px;"><span class="flex items-center gap-2"><span class="truncate"><span title="27" class="font-qanelas text-body-secondary truncate max-w-full !block font-medium text-body-l">27</span></span></span></td><td data-testid="2_commentCount" class="h-7 bg-base px-2 py-1 text-left group-hover:bg-primary descendant:text-body-secondary group-hover:descendant:text-body-primary border-b border-base group-last:border-b-0" style="width: 150px; max-width: 320px;"><span class="flex items-center gap-2"><span class="truncate"><span title="0" class="font-qanelas text-body-secondary truncate max-w-full !block font-medium text-body-l">0</span></span></span></td><td data-testid="2_repostCount" class="h-7 bg-base px-2 py-1 text-left group-hover:bg-primary descendant:text-body-secondary group-hover:descendant:text-body-primary border-b border-base group-last:border-b-0" style="width: 150px; max-width: 320px;"><span class="flex items-center gap-2"><span class="truncate"><span title="0" class="font-qanelas text-body-secondary truncate max-w-full !block font-medium text-body-l">0</span></span></span></td><td data-testid="2_postDate" class="h-7 bg-base px-2 py-1 text-left group-hover:bg-primary descendant:text-body-secondary group-hover:descendant:text-body-primary border-b border-base group-last:border-b-0" style="width: 150px; max-width: 320px;"><span class="flex items-center gap-2"><span class="truncate"><span title="2mo" class="font-qanelas text-body-secondary truncate max-w-full !block font-medium text-body-l">2mo</span></span></span></td><td data-testid="2_action" class="h-7 bg-base px-2 py-1 text-left group-hover:bg-primary descendant:text-body-secondary group-hover:descendant:text-body-primary border-b border-base group-last:border-b-0" style="width: 150px; max-width: 320px;"><span class="flex items-center gap-2"><span class="truncate"><span title="Post" class="font-qanelas text-body-secondary truncate max-w-full !block font-medium text-body-l">Post</span></span></span></td><td data-testid="2_author" class="h-7 bg-base px-2 py-1 text-left group-hover:bg-primary descendant:text-body-secondary group-hover:descendant:text-body-primary border-b border-base group-last:border-b-0" style="width: 150px; max-width: 320px;"><span class="flex items-center gap-2"><span class="truncate"><span title="Arpit Agrawal" class="font-qanelas text-body-secondary truncate max-w-full !block font-medium text-body-l">Arpit Agrawal</span></span></span></td><td data-testid="2_authorUrl" class="h-7 bg-base px-2 py-1 text-left group-hover:bg-primary descendant:text-body-secondary group-hover:descendant:text-body-primary border-b border-base group-last:border-b-0" style="width: 150px; max-width: 320px;"><span class="flex items-center gap-2"><span class="truncate"><a analyticsid="csvInteractiveTableLink" class="inline-flex items-center justify-center space-x-0.5 text-body-l text-link-default hover:text-link-hover focus:text-link-hover  cursor-pointer !flex !justify-start children:no-underline group-hover:children:underline truncate max-w-full !block" target="_blank" rel="noopener noreferrer" title="https://www.linkedin.com/in/arpit-agrawal-273813137" as="anchor" href="https://www.linkedin.com/in/arpit-agrawal-273813137"><span class="font-qanelas block group-hover:!text-link-default text-body-secondary underline truncate max-w-full !block font-medium text-body-l">https://www.linkedin.com/in/arpit-agrawal-273813137</span><span class="flex h-3 w-3 items-center justify-center pl-0.5"><span class="relative flex items-center justify-center -ml-1 hidden text-icon-s group-hover:block descendant:!text-link-default"><svg aria-hidden="true" focusable="false" data-prefix="fas" data-icon="arrow-up-right-from-square" class="svg-inline--fa fa-arrow-up-right-from-square " role="img" xmlns="http://www.w3.org/2000/svg" viewBox="0 0 512 512"><path fill="currentColor" d="M320 0c-17.7 0-32 14.3-32 32s14.3 32 32 32h82.7L201.4 265.4c-12.5 12.5-12.5 32.8 0 45.3s32.8 12.5 45.3 0L448 109.3V192c0 17.7 14.3 32 32 32s32-14.3 32-32V32c0-17.7-14.3-32-32-32H320zM80 32C35.8 32 0 67.8 0 112V432c0 44.2 35.8 80 80 80H400c44.2 0 80-35.8 80-80V320c0-17.7-14.3-32-32-32s-32 14.3-32 32V432c0 8.8-7.2 16-16 16H80c-8.8 0-16-7.2-16-16V112c0-8.8 7.2-16 16-16H192c17.7 0 32-14.3 32-32s-14.3-32-32-32H80z"></path></svg></span></span></a></span></span></td><td data-testid="2_profileUrl" class="h-7 bg-base px-2 py-1 text-left group-hover:bg-primary descendant:text-body-secondary group-hover:descendant:text-body-primary border-b border-base group-last:border-b-0" style="width: 150px; max-width: 320px;"><span class="flex items-center gap-2"><span class="truncate"><a analyticsid="csvInteractiveTableLink" class="inline-flex items-center justify-center space-x-0.5 text-body-l text-link-default hover:text-link-hover focus:text-link-hover  cursor-pointer !flex !justify-start children:no-underline group-hover:children:underline truncate max-w-full !block" target="_blank" rel="noopener noreferrer" title="https://www.linkedin.com/in/arpit-agrawal-273813137/" as="anchor" href="https://www.linkedin.com/in/arpit-agrawal-273813137/"><span class="font-qanelas block group-hover:!text-link-default text-body-secondary underline truncate max-w-full !block font-medium text-body-l">https://www.linkedin.com/in/arpit-agrawal-273813137/</span><span class="flex h-3 w-3 items-center justify-center pl-0.5"><span class="relative flex items-center justify-center -ml-1 hidden text-icon-s group-hover:block descendant:!text-link-default"><svg aria-hidden="true" focusable="false" data-prefix="fas" data-icon="arrow-up-right-from-square" class="svg-inline--fa fa-arrow-up-right-from-square " role="img" xmlns="http://www.w3.org/2000/svg" viewBox="0 0 512 512"><path fill="currentColor" d="M320 0c-17.7 0-32 14.3-32 32s14.3 32 32 32h82.7L201.4 265.4c-12.5 12.5-12.5 32.8 0 45.3s32.8 12.5 45.3 0L448 109.3V192c0 17.7 14.3 32 32 32s32-14.3 32-32V32c0-17.7-14.3-32-32-32H320zM80 32C35.8 32 0 67.8 0 112V432c0 44.2 35.8 80 80 80H400c44.2 0 80-35.8 80-80V320c0-17.7-14.3-32-32-32s-32 14.3-32 32V432c0 8.8-7.2 16-16 16H80c-8.8 0-16-7.2-16-16V112c0-8.8 7.2-16 16-16H192c17.7 0 32-14.3 32-32s-14.3-32-32-32H80z"></path></svg></span></span></a></span></span></td><td data-testid="2_timestamp" class="h-7 bg-base px-2 py-1 text-left group-hover:bg-primary descendant:text-body-secondary group-hover:descendant:text-body-primary border-b border-base group-last:border-b-0" style="width: 150px; max-width: 320px;"><span class="flex items-center gap-2"><span class="truncate"><span class="font-qanelas text-body-secondary font-medium text-body-l">Today at 11:22</span></span></span></td><td data-testid="2_viewCount" class="h-7 bg-base px-2 py-1 text-left group-hover:bg-primary descendant:text-body-secondary group-hover:descendant:text-body-primary border-b border-base group-last:border-b-0" style="width: 150px; max-width: 320px;"><span class="flex items-center gap-2"><span class="truncate"><span title="" class="font-qanelas text-body-secondary truncate max-w-full !block font-medium text-body-l"></span></span></span></td><td data-testid="2_postTimestamp" class="h-7 bg-base px-2 py-1 text-left group-hover:bg-primary descendant:text-body-secondary group-hover:descendant:text-body-primary border-b border-base group-last:border-b-0" style="width: 150px; max-width: 320px;"><span class="flex items-center gap-2"><span class="truncate"><span class="font-qanelas text-body-secondary font-medium text-body-l">Jul 28</span></span></span></td></tr><tr class="group animate-loading-new-leads opacity-0 first:rounded-t-0 last:rounded-b-0" analyticsid="table-row-3"><td data-testid="3_postUrl" class="h-7 bg-base px-2 py-1 text-left group-hover:bg-primary descendant:text-body-secondary group-hover:descendant:text-body-primary border-b border-base group-last:border-b-0" style="width: 150px; max-width: 320px;"><span class="flex items-center gap-2"><span class="truncate"><a analyticsid="csvInteractiveTableLink" class="inline-flex items-center justify-center space-x-0.5 text-body-l text-link-default hover:text-link-hover focus:text-link-hover  cursor-pointer !flex !justify-start children:no-underline group-hover:children:underline truncate max-w-full !block" target="_blank" rel="noopener noreferrer" title="https://www.linkedin.com/feed/update/urn:li:activity:7293188515171860483" as="anchor" href="https://www.linkedin.com/feed/update/urn:li:activity:7293188515171860483"><span class="font-qanelas block group-hover:!text-link-default text-body-secondary underline truncate max-w-full !block font-medium text-body-l">https://www.linkedin.com/feed/update/urn:li:activity:7293188515171860483</span><span class="flex h-3 w-3 items-center justify-center pl-0.5"><span class="relative flex items-center justify-center -ml-1 hidden text-icon-s group-hover:block descendant:!text-link-default"><svg aria-hidden="true" focusable="false" data-prefix="fas" data-icon="arrow-up-right-from-square" class="svg-inline--fa fa-arrow-up-right-from-square " role="img" xmlns="http://www.w3.org/2000/svg" viewBox="0 0 512 512"><path fill="currentColor" d="M320 0c-17.7 0-32 14.3-32 32s14.3 32 32 32h82.7L201.4 265.4c-12.5 12.5-12.5 32.8 0 45.3s32.8 12.5 45.3 0L448 109.3V192c0 17.7 14.3 32 32 32s32-14.3 32-32V32c0-17.7-14.3-32-32-32H320zM80 32C35.8 32 0 67.8 0 112V432c0 44.2 35.8 80 80 80H400c44.2 0 80-35.8 80-80V320c0-17.7-14.3-32-32-32s-32 14.3-32 32V432c0 8.8-7.2 16-16 16H80c-8.8 0-16-7.2-16-16V112c0-8.8 7.2-16 16-16H192c17.7 0 32-14.3 32-32s-14.3-32-32-32H80z"></path></svg></span></span></a></span></span></td><td data-testid="3_sharedPostUrl" class="h-7 bg-base px-2 py-1 text-left group-hover:bg-primary descendant:text-body-secondary group-hover:descendant:text-body-primary border-b border-base group-last:border-b-0" style="width: 150px; max-width: 320px;"><span class="flex items-center gap-2"><span class="truncate"><a analyticsid="csvInteractiveTableLink" class="inline-flex items-center justify-center space-x-0.5 text-body-l text-link-default hover:text-link-hover focus:text-link-hover  cursor-pointer !flex !justify-start children:no-underline group-hover:children:underline truncate max-w-full !block" target="_blank" rel="noopener noreferrer" title="https://www.linkedin.com/feed/update/urn:li:activity:7293139668760440832/" as="anchor" href="https://www.linkedin.com/feed/update/urn:li:activity:7293139668760440832/"><span class="font-qanelas block group-hover:!text-link-default text-body-secondary underline truncate max-w-full !block font-medium text-body-l">https://www.linkedin.com/feed/update/urn:li:activity:7293139668760440832/</span><span class="flex h-3 w-3 items-center justify-center pl-0.5"><span class="relative flex items-center justify-center -ml-1 hidden text-icon-s group-hover:block descendant:!text-link-default"><svg aria-hidden="true" focusable="false" data-prefix="fas" data-icon="arrow-up-right-from-square" class="svg-inline--fa fa-arrow-up-right-from-square " role="img" xmlns="http://www.w3.org/2000/svg" viewBox="0 0 512 512"><path fill="currentColor" d="M320 0c-17.7 0-32 14.3-32 32s14.3 32 32 32h82.7L201.4 265.4c-12.5 12.5-12.5 32.8 0 45.3s32.8 12.5 45.3 0L448 109.3V192c0 17.7 14.3 32 32 32s32-14.3 32-32V32c0-17.7-14.3-32-32-32H320zM80 32C35.8 32 0 67.8 0 112V432c0 44.2 35.8 80 80 80H400c44.2 0 80-35.8 80-80V320c0-17.7-14.3-32-32-32s-32 14.3-32 32V432c0 8.8-7.2 16-16 16H80c-8.8 0-16-7.2-16-16V112c0-8.8 7.2-16 16-16H192c17.7 0 32-14.3 32-32s-14.3-32-32-32H80z"></path></svg></span></span></a></span></span></td><td data-testid="3_imgUrl" class="h-7 bg-base px-2 py-1 text-left group-hover:bg-primary descendant:text-body-secondary group-hover:descendant:text-body-primary border-b border-base group-last:border-b-0" style="width: 150px; max-width: 320px;"><span class="flex items-center gap-2"><span class="truncate"><a analyticsid="csvInteractiveTableLink" class="inline-flex items-center justify-center space-x-0.5 text-body-l text-link-default hover:text-link-hover focus:text-link-hover  cursor-pointer !flex !justify-start children:no-underline group-hover:children:underline truncate max-w-full !block" target="_blank" rel="noopener noreferrer" title="https://media.licdn.com/dms/image/v2/D5622AQF4GKwhl25_Mw/feedshare-shrink_800/B56ZTZv3wpGQAg-/0/1738819995530?e=1762992000&amp;v=beta&amp;t=7HjYsguMajF-ovOkAper3p7goTsDWmGt70Kun9d21-s" as="anchor" href="https://media.licdn.com/dms/image/v2/D5622AQF4GKwhl25_Mw/feedshare-shrink_800/B56ZTZv3wpGQAg-/0/1738819995530?e=1762992000&amp;v=beta&amp;t=7HjYsguMajF-ovOkAper3p7goTsDWmGt70Kun9d21-s"><span class="font-qanelas block group-hover:!text-link-default text-body-secondary underline truncate max-w-full !block font-medium text-body-l">https://media.licdn.com/dms/image/v2/D5622AQF4GKwhl25_Mw/feedshare-shrink_800/B56ZTZv3wpGQAg-/0/1738819995530?e=1762992000&amp;v=beta&amp;t=7HjYsguMajF-ovOkAper3p7goTsDWmGt70Kun9d21-s</span><span class="flex h-3 w-3 items-center justify-center pl-0.5"><span class="relative flex items-center justify-center -ml-1 hidden text-icon-s group-hover:block descendant:!text-link-default"><svg aria-hidden="true" focusable="false" data-prefix="fas" data-icon="arrow-up-right-from-square" class="svg-inline--fa fa-arrow-up-right-from-square " role="img" xmlns="http://www.w3.org/2000/svg" viewBox="0 0 512 512"><path fill="currentColor" d="M320 0c-17.7 0-32 14.3-32 32s14.3 32 32 32h82.7L201.4 265.4c-12.5 12.5-12.5 32.8 0 45.3s32.8 12.5 45.3 0L448 109.3V192c0 17.7 14.3 32 32 32s32-14.3 32-32V32c0-17.7-14.3-32-32-32H320zM80 32C35.8 32 0 67.8 0 112V432c0 44.2 35.8 80 80 80H400c44.2 0 80-35.8 80-80V320c0-17.7-14.3-32-32-32s-32 14.3-32 32V432c0 8.8-7.2 16-16 16H80c-8.8 0-16-7.2-16-16V112c0-8.8 7.2-16 16-16H192c17.7 0 32-14.3 32-32s-14.3-32-32-32H80z"></path></svg></span></span></a></span></span></td><td data-testid="3_type" class="h-7 bg-base px-2 py-1 text-left group-hover:bg-primary descendant:text-body-secondary group-hover:descendant:text-body-primary border-b border-base group-last:border-b-0" style="width: 150px; max-width: 320px;"><span class="flex items-center gap-2"><span class="truncate"><span title="Image" class="font-qanelas text-body-secondary truncate max-w-full !block font-medium text-body-l">Image</span></span></span></td><td data-testid="3_postContent" class="h-7 bg-base px-2 py-1 text-left group-hover:bg-primary descendant:text-body-secondary group-hover:descendant:text-body-primary border-b border-base group-last:border-b-0" style="width: 150px; max-width: 320px;"><span class="flex items-center gap-2"><span class="truncate"><span title="The best feedback is your customer's feedback. And we are helping you to empower your customer support. Let's build a hyper-personalised customer  journey with Angoor AI" class="font-qanelas text-body-secondary truncate max-w-full !block font-medium text-body-l">The best feedback is your customer's feedback. And we are helping you to empower your customer support. Let's build a hyper-personalised customer  journey with Angoor AI</span></span></span></td><td data-testid="3_likeCount" class="h-7 bg-base px-2 py-1 text-left group-hover:bg-primary descendant:text-body-secondary group-hover:descendant:text-body-primary border-b border-base group-last:border-b-0" style="width: 150px; max-width: 320px;"><span class="flex items-center gap-2"><span class="truncate"><span title="11" class="font-qanelas text-body-secondary truncate max-w-full !block font-medium text-body-l">11</span></span></span></td><td data-testid="3_commentCount" class="h-7 bg-base px-2 py-1 text-left group-hover:bg-primary descendant:text-body-secondary group-hover:descendant:text-body-primary border-b border-base group-last:border-b-0" style="width: 150px; max-width: 320px;"><span class="flex items-center gap-2"><span class="truncate"><span title="0" class="font-qanelas text-body-secondary truncate max-w-full !block font-medium text-body-l">0</span></span></span></td><td data-testid="3_repostCount" class="h-7 bg-base px-2 py-1 text-left group-hover:bg-primary descendant:text-body-secondary group-hover:descendant:text-body-primary border-b border-base group-last:border-b-0" style="width: 150px; max-width: 320px;"><span class="flex items-center gap-2"><span class="truncate"><span title="0" class="font-qanelas text-body-secondary truncate max-w-full !block font-medium text-body-l">0</span></span></span></td><td data-testid="3_postDate" class="h-7 bg-base px-2 py-1 text-left group-hover:bg-primary descendant:text-body-secondary group-hover:descendant:text-body-primary border-b border-base group-last:border-b-0" style="width: 150px; max-width: 320px;"><span class="flex items-center gap-2"><span class="truncate"><span title="8mo" class="font-qanelas text-body-secondary truncate max-w-full !block font-medium text-body-l">8mo</span></span></span></td><td data-testid="3_action" class="h-7 bg-base px-2 py-1 text-left group-hover:bg-primary descendant:text-body-secondary group-hover:descendant:text-body-primary border-b border-base group-last:border-b-0" style="width: 150px; max-width: 320px;"><span class="flex items-center gap-2"><span class="truncate"><span title="Post" class="font-qanelas text-body-secondary truncate max-w-full !block font-medium text-body-l">Post</span></span></span></td><td data-testid="3_author" class="h-7 bg-base px-2 py-1 text-left group-hover:bg-primary descendant:text-body-secondary group-hover:descendant:text-body-primary border-b border-base group-last:border-b-0" style="width: 150px; max-width: 320px;"><span class="flex items-center gap-2"><span class="truncate"><span title="Arpit Agrawal" class="font-qanelas text-body-secondary truncate max-w-full !block font-medium text-body-l">Arpit Agrawal</span></span></span></td><td data-testid="3_authorUrl" class="h-7 bg-base px-2 py-1 text-left group-hover:bg-primary descendant:text-body-secondary group-hover:descendant:text-body-primary border-b border-base group-last:border-b-0" style="width: 150px; max-width: 320px;"><span class="flex items-center gap-2"><span class="truncate"><a analyticsid="csvInteractiveTableLink" class="inline-flex items-center justify-center space-x-0.5 text-body-l text-link-default hover:text-link-hover focus:text-link-hover  cursor-pointer !flex !justify-start children:no-underline group-hover:children:underline truncate max-w-full !block" target="_blank" rel="noopener noreferrer" title="https://www.linkedin.com/in/arpit-agrawal-273813137" as="anchor" href="https://www.linkedin.com/in/arpit-agrawal-273813137"><span class="font-qanelas block group-hover:!text-link-default text-body-secondary underline truncate max-w-full !block font-medium text-body-l">https://www.linkedin.com/in/arpit-agrawal-273813137</span><span class="flex h-3 w-3 items-center justify-center pl-0.5"><span class="relative flex items-center justify-center -ml-1 hidden text-icon-s group-hover:block descendant:!text-link-default"><svg aria-hidden="true" focusable="false" data-prefix="fas" data-icon="arrow-up-right-from-square" class="svg-inline--fa fa-arrow-up-right-from-square " role="img" xmlns="http://www.w3.org/2000/svg" viewBox="0 0 512 512"><path fill="currentColor" d="M320 0c-17.7 0-32 14.3-32 32s14.3 32 32 32h82.7L201.4 265.4c-12.5 12.5-12.5 32.8 0 45.3s32.8 12.5 45.3 0L448 109.3V192c0 17.7 14.3 32 32 32s32-14.3 32-32V32c0-17.7-14.3-32-32-32H320zM80 32C35.8 32 0 67.8 0 112V432c0 44.2 35.8 80 80 80H400c44.2 0 80-35.8 80-80V320c0-17.7-14.3-32-32-32s-32 14.3-32 32V432c0 8.8-7.2 16-16 16H80c-8.8 0-16-7.2-16-16V112c0-8.8 7.2-16 16-16H192c17.7 0 32-14.3 32-32s-14.3-32-32-32H80z"></path></svg></span></span></a></span></span></td><td data-testid="3_profileUrl" class="h-7 bg-base px-2 py-1 text-left group-hover:bg-primary descendant:text-body-secondary group-hover:descendant:text-body-primary border-b border-base group-last:border-b-0" style="width: 150px; max-width: 320px;"><span class="flex items-center gap-2"><span class="truncate"><a analyticsid="csvInteractiveTableLink" class="inline-flex items-center justify-center space-x-0.5 text-body-l text-link-default hover:text-link-hover focus:text-link-hover  cursor-pointer !flex !justify-start children:no-underline group-hover:children:underline truncate max-w-full !block" target="_blank" rel="noopener noreferrer" title="https://www.linkedin.com/in/arpit-agrawal-273813137/" as="anchor" href="https://www.linkedin.com/in/arpit-agrawal-273813137/"><span class="font-qanelas block group-hover:!text-link-default text-body-secondary underline truncate max-w-full !block font-medium text-body-l">https://www.linkedin.com/in/arpit-agrawal-273813137/</span><span class="flex h-3 w-3 items-center justify-center pl-0.5"><span class="relative flex items-center justify-center -ml-1 hidden text-icon-s group-hover:block descendant:!text-link-default"><svg aria-hidden="true" focusable="false" data-prefix="fas" data-icon="arrow-up-right-from-square" class="svg-inline--fa fa-arrow-up-right-from-square " role="img" xmlns="http://www.w3.org/2000/svg" viewBox="0 0 512 512"><path fill="currentColor" d="M320 0c-17.7 0-32 14.3-32 32s14.3 32 32 32h82.7L201.4 265.4c-12.5 12.5-12.5 32.8 0 45.3s32.8 12.5 45.3 0L448 109.3V192c0 17.7 14.3 32 32 32s32-14.3 32-32V32c0-17.7-14.3-32-32-32H320zM80 32C35.8 32 0 67.8 0 112V432c0 44.2 35.8 80 80 80H400c44.2 0 80-35.8 80-80V320c0-17.7-14.3-32-32-32s-32 14.3-32 32V432c0 8.8-7.2 16-16 16H80c-8.8 0-16-7.2-16-16V112c0-8.8 7.2-16 16-16H192c17.7 0 32-14.3 32-32s-14.3-32-32-32H80z"></path></svg></span></span></a></span></span></td><td data-testid="3_timestamp" class="h-7 bg-base px-2 py-1 text-left group-hover:bg-primary descendant:text-body-secondary group-hover:descendant:text-body-primary border-b border-base group-last:border-b-0" style="width: 150px; max-width: 320px;"><span class="flex items-center gap-2"><span class="truncate"><span class="font-qanelas text-body-secondary font-medium text-body-l">Today at 11:22</span></span></span></td><td data-testid="3_viewCount" class="h-7 bg-base px-2 py-1 text-left group-hover:bg-primary descendant:text-body-secondary group-hover:descendant:text-body-primary border-b border-base group-last:border-b-0" style="width: 150px; max-width: 320px;"><span class="flex items-center gap-2"><span class="truncate"><span title="" class="font-qanelas text-body-secondary truncate max-w-full !block font-medium text-body-l"></span></span></span></td><td data-testid="3_postTimestamp" class="h-7 bg-base px-2 py-1 text-left group-hover:bg-primary descendant:text-body-secondary group-hover:descendant:text-body-primary border-b border-base group-last:border-b-0" style="width: 150px; max-width: 320px;"><span class="flex items-center gap-2"><span class="truncate"><span class="font-qanelas text-body-secondary font-medium text-body-l">Feb 06</span></span></span></td></tr><tr class="group animate-loading-new-leads opacity-0 first:rounded-t-0 last:rounded-b-0" analyticsid="table-row-4"><td data-testid="4_postUrl" class="h-7 bg-base px-2 py-1 text-left group-hover:bg-primary descendant:text-body-secondary group-hover:descendant:text-body-primary border-b border-base group-last:border-b-0" style="width: 150px; max-width: 320px;"><span class="flex items-center gap-2"><span class="truncate"><a analyticsid="csvInteractiveTableLink" class="inline-flex items-center justify-center space-x-0.5 text-body-l text-link-default hover:text-link-hover focus:text-link-hover  cursor-pointer !flex !justify-start children:no-underline group-hover:children:underline truncate max-w-full !block" target="_blank" rel="noopener noreferrer" title="https://www.linkedin.com/feed/update/urn:li:activity:7289663636694818816" as="anchor" href="https://www.linkedin.com/feed/update/urn:li:activity:7289663636694818816"><span class="font-qanelas block group-hover:!text-link-default text-body-secondary underline truncate max-w-full !block font-medium text-body-l">https://www.linkedin.com/feed/update/urn:li:activity:7289663636694818816</span><span class="flex h-3 w-3 items-center justify-center pl-0.5"><span class="relative flex items-center justify-center -ml-1 hidden text-icon-s group-hover:block descendant:!text-link-default"><svg aria-hidden="true" focusable="false" data-prefix="fas" data-icon="arrow-up-right-from-square" class="svg-inline--fa fa-arrow-up-right-from-square " role="img" xmlns="http://www.w3.org/2000/svg" viewBox="0 0 512 512"><path fill="currentColor" d="M320 0c-17.7 0-32 14.3-32 32s14.3 32 32 32h82.7L201.4 265.4c-12.5 12.5-12.5 32.8 0 45.3s32.8 12.5 45.3 0L448 109.3V192c0 17.7 14.3 32 32 32s32-14.3 32-32V32c0-17.7-14.3-32-32-32H320zM80 32C35.8 32 0 67.8 0 112V432c0 44.2 35.8 80 80 80H400c44.2 0 80-35.8 80-80V320c0-17.7-14.3-32-32-32s-32 14.3-32 32V432c0 8.8-7.2 16-16 16H80c-8.8 0-16-7.2-16-16V112c0-8.8 7.2-16 16-16H192c17.7 0 32-14.3 32-32s-14.3-32-32-32H80z"></path></svg></span></span></a></span></span></td><td data-testid="4_sharedPostUrl" class="h-7 bg-base px-2 py-1 text-left group-hover:bg-primary descendant:text-body-secondary group-hover:descendant:text-body-primary border-b border-base group-last:border-b-0" style="width: 150px; max-width: 320px;"><span class="flex items-center gap-2"><span class="truncate"><a analyticsid="csvInteractiveTableLink" class="inline-flex items-center justify-center space-x-0.5 text-body-l text-link-default hover:text-link-hover focus:text-link-hover  cursor-pointer !flex !justify-start children:no-underline group-hover:children:underline truncate max-w-full !block" target="_blank" rel="noopener noreferrer" title="https://www.linkedin.com/feed/update/urn:li:activity:7289646115799347200/" as="anchor" href="https://www.linkedin.com/feed/update/urn:li:activity:7289646115799347200/"><span class="font-qanelas block group-hover:!text-link-default text-body-secondary underline truncate max-w-full !block font-medium text-body-l">https://www.linkedin.com/feed/update/urn:li:activity:7289646115799347200/</span><span class="flex h-3 w-3 items-center justify-center pl-0.5"><span class="relative flex items-center justify-center -ml-1 hidden text-icon-s group-hover:block descendant:!text-link-default"><svg aria-hidden="true" focusable="false" data-prefix="fas" data-icon="arrow-up-right-from-square" class="svg-inline--fa fa-arrow-up-right-from-square " role="img" xmlns="http://www.w3.org/2000/svg" viewBox="0 0 512 512"><path fill="currentColor" d="M320 0c-17.7 0-32 14.3-32 32s14.3 32 32 32h82.7L201.4 265.4c-12.5 12.5-12.5 32.8 0 45.3s32.8 12.5 45.3 0L448 109.3V192c0 17.7 14.3 32 32 32s32-14.3 32-32V32c0-17.7-14.3-32-32-32H320zM80 32C35.8 32 0 67.8 0 112V432c0 44.2 35.8 80 80 80H400c44.2 0 80-35.8 80-80V320c0-17.7-14.3-32-32-32s-32 14.3-32 32V432c0 8.8-7.2 16-16 16H80c-8.8 0-16-7.2-16-16V112c0-8.8 7.2-16 16-16H192c17.7 0 32-14.3 32-32s-14.3-32-32-32H80z"></path></svg></span></span></a></span></span></td><td data-testid="4_imgUrl" class="h-7 bg-base px-2 py-1 text-left group-hover:bg-primary descendant:text-body-secondary group-hover:descendant:text-body-primary border-b border-base group-last:border-b-0" style="width: 150px; max-width: 320px;"><span class="flex items-center gap-2"><span class="truncate"><a analyticsid="csvInteractiveTableLink" class="inline-flex items-center justify-center space-x-0.5 text-body-l text-link-default hover:text-link-hover focus:text-link-hover  cursor-pointer !flex !justify-start children:no-underline group-hover:children:underline truncate max-w-full !block" target="_blank" rel="noopener noreferrer" title="https://media.licdn.com/dms/image/v2/D5622AQGCzecP9DW97g/feedshare-shrink_800/B56ZSoGgRWGQAg-/0/1737987068302?e=1762992000&amp;v=beta&amp;t=6dhIjeYe1c6cH6mTbJjDvGOiaOh5MVbNoG886w3rNS8" as="anchor" href="https://media.licdn.com/dms/image/v2/D5622AQGCzecP9DW97g/feedshare-shrink_800/B56ZSoGgRWGQAg-/0/1737987068302?e=1762992000&amp;v=beta&amp;t=6dhIjeYe1c6cH6mTbJjDvGOiaOh5MVbNoG886w3rNS8"><span class="font-qanelas block group-hover:!text-link-default text-body-secondary underline truncate max-w-full !block font-medium text-body-l">https://media.licdn.com/dms/image/v2/D5622AQGCzecP9DW97g/feedshare-shrink_800/B56ZSoGgRWGQAg-/0/1737987068302?e=1762992000&amp;v=beta&amp;t=6dhIjeYe1c6cH6mTbJjDvGOiaOh5MVbNoG886w3rNS8</span><span class="flex h-3 w-3 items-center justify-center pl-0.5"><span class="relative flex items-center justify-center -ml-1 hidden text-icon-s group-hover:block descendant:!text-link-default"><svg aria-hidden="true" focusable="false" data-prefix="fas" data-icon="arrow-up-right-from-square" class="svg-inline--fa fa-arrow-up-right-from-square " role="img" xmlns="http://www.w3.org/2000/svg" viewBox="0 0 512 512"><path fill="currentColor" d="M320 0c-17.7 0-32 14.3-32 32s14.3 32 32 32h82.7L201.4 265.4c-12.5 12.5-12.5 32.8 0 45.3s32.8 12.5 45.3 0L448 109.3V192c0 17.7 14.3 32 32 32s32-14.3 32-32V32c0-17.7-14.3-32-32-32H320zM80 32C35.8 32 0 67.8 0 112V432c0 44.2 35.8 80 80 80H400c44.2 0 80-35.8 80-80V320c0-17.7-14.3-32-32-32s-32 14.3-32 32V432c0 8.8-7.2 16-16 16H80c-8.8 0-16-7.2-16-16V112c0-8.8 7.2-16 16-16H192c17.7 0 32-14.3 32-32s-14.3-32-32-32H80z"></path></svg></span></span></a></span></span></td><td data-testid="4_type" class="h-7 bg-base px-2 py-1 text-left group-hover:bg-primary descendant:text-body-secondary group-hover:descendant:text-body-primary border-b border-base group-last:border-b-0" style="width: 150px; max-width: 320px;"><span class="flex items-center gap-2"><span class="truncate"><span title="Image" class="font-qanelas text-body-secondary truncate max-w-full !block font-medium text-body-l">Image</span></span></span></td><td data-testid="4_postContent" class="h-7 bg-base px-2 py-1 text-left group-hover:bg-primary descendant:text-body-secondary group-hover:descendant:text-body-primary border-b border-base group-last:border-b-0" style="width: 150px; max-width: 320px;"><span class="flex items-center gap-2"><span class="truncate"><span title="Taking a new leap in the customer experience management journey for D2C businesses. 
Do give a read to Rishabh Kumar's thoughts on this here https://lnkd.in/gDj2kR3z" class="font-qanelas text-body-secondary truncate max-w-full !block font-medium text-body-l">Taking a new leap in the customer experience management journey for D2C businesses. 
Do give a read to Rishabh Kumar's thoughts on this here https://lnkd.in/gDj2kR3z</span></span></span></td><td data-testid="4_likeCount" class="h-7 bg-base px-2 py-1 text-left group-hover:bg-primary descendant:text-body-secondary group-hover:descendant:text-body-primary border-b border-base group-last:border-b-0" style="width: 150px; max-width: 320px;"><span class="flex items-center gap-2"><span class="truncate"><span title="3" class="font-qanelas text-body-secondary truncate max-w-full !block font-medium text-body-l">3</span></span></span></td><td data-testid="4_commentCount" class="h-7 bg-base px-2 py-1 text-left group-hover:bg-primary descendant:text-body-secondary group-hover:descendant:text-body-primary border-b border-base group-last:border-b-0" style="width: 150px; max-width: 320px;"><span class="flex items-center gap-2"><span class="truncate"><span title="0" class="font-qanelas text-body-secondary truncate max-w-full !block font-medium text-body-l">0</span></span></span></td><td data-testid="4_repostCount" class="h-7 bg-base px-2 py-1 text-left group-hover:bg-primary descendant:text-body-secondary group-hover:descendant:text-body-primary border-b border-base group-last:border-b-0" style="width: 150px; max-width: 320px;"><span class="flex items-center gap-2"><span class="truncate"><span title="0" class="font-qanelas text-body-secondary truncate max-w-full !block font-medium text-body-l">0</span></span></span></td><td data-testid="4_postDate" class="h-7 bg-base px-2 py-1 text-left group-hover:bg-primary descendant:text-body-secondary group-hover:descendant:text-body-primary border-b border-base group-last:border-b-0" style="width: 150px; max-width: 320px;"><span class="flex items-center gap-2"><span class="truncate"><span title="8mo" class="font-qanelas text-body-secondary truncate max-w-full !block font-medium text-body-l">8mo</span></span></span></td><td data-testid="4_action" class="h-7 bg-base px-2 py-1 text-left group-hover:bg-primary descendant:text-body-secondary group-hover:descendant:text-body-primary border-b border-base group-last:border-b-0" style="width: 150px; max-width: 320px;"><span class="flex items-center gap-2"><span class="truncate"><span title="Post" class="font-qanelas text-body-secondary truncate max-w-full !block font-medium text-body-l">Post</span></span></span></td><td data-testid="4_author" class="h-7 bg-base px-2 py-1 text-left group-hover:bg-primary descendant:text-body-secondary group-hover:descendant:text-body-primary border-b border-base group-last:border-b-0" style="width: 150px; max-width: 320px;"><span class="flex items-center gap-2"><span class="truncate"><span title="Arpit Agrawal" class="font-qanelas text-body-secondary truncate max-w-full !block font-medium text-body-l">Arpit Agrawal</span></span></span></td><td data-testid="4_authorUrl" class="h-7 bg-base px-2 py-1 text-left group-hover:bg-primary descendant:text-body-secondary group-hover:descendant:text-body-primary border-b border-base group-last:border-b-0" style="width: 150px; max-width: 320px;"><span class="flex items-center gap-2"><span class="truncate"><a analyticsid="csvInteractiveTableLink" class="inline-flex items-center justify-center space-x-0.5 text-body-l text-link-default hover:text-link-hover focus:text-link-hover  cursor-pointer !flex !justify-start children:no-underline group-hover:children:underline truncate max-w-full !block" target="_blank" rel="noopener noreferrer" title="https://www.linkedin.com/in/arpit-agrawal-273813137" as="anchor" href="https://www.linkedin.com/in/arpit-agrawal-273813137"><span class="font-qanelas block group-hover:!text-link-default text-body-secondary underline truncate max-w-full !block font-medium text-body-l">https://www.linkedin.com/in/arpit-agrawal-273813137</span><span class="flex h-3 w-3 items-center justify-center pl-0.5"><span class="relative flex items-center justify-center -ml-1 hidden text-icon-s group-hover:block descendant:!text-link-default"><svg aria-hidden="true" focusable="false" data-prefix="fas" data-icon="arrow-up-right-from-square" class="svg-inline--fa fa-arrow-up-right-from-square " role="img" xmlns="http://www.w3.org/2000/svg" viewBox="0 0 512 512"><path fill="currentColor" d="M320 0c-17.7 0-32 14.3-32 32s14.3 32 32 32h82.7L201.4 265.4c-12.5 12.5-12.5 32.8 0 45.3s32.8 12.5 45.3 0L448 109.3V192c0 17.7 14.3 32 32 32s32-14.3 32-32V32c0-17.7-14.3-32-32-32H320zM80 32C35.8 32 0 67.8 0 112V432c0 44.2 35.8 80 80 80H400c44.2 0 80-35.8 80-80V320c0-17.7-14.3-32-32-32s-32 14.3-32 32V432c0 8.8-7.2 16-16 16H80c-8.8 0-16-7.2-16-16V112c0-8.8 7.2-16 16-16H192c17.7 0 32-14.3 32-32s-14.3-32-32-32H80z"></path></svg></span></span></a></span></span></td><td data-testid="4_profileUrl" class="h-7 bg-base px-2 py-1 text-left group-hover:bg-primary descendant:text-body-secondary group-hover:descendant:text-body-primary border-b border-base group-last:border-b-0" style="width: 150px; max-width: 320px;"><span class="flex items-center gap-2"><span class="truncate"><a analyticsid="csvInteractiveTableLink" class="inline-flex items-center justify-center space-x-0.5 text-body-l text-link-default hover:text-link-hover focus:text-link-hover  cursor-pointer !flex !justify-start children:no-underline group-hover:children:underline truncate max-w-full !block" target="_blank" rel="noopener noreferrer" title="https://www.linkedin.com/in/arpit-agrawal-273813137/" as="anchor" href="https://www.linkedin.com/in/arpit-agrawal-273813137/"><span class="font-qanelas block group-hover:!text-link-default text-body-secondary underline truncate max-w-full !block font-medium text-body-l">https://www.linkedin.com/in/arpit-agrawal-273813137/</span><span class="flex h-3 w-3 items-center justify-center pl-0.5"><span class="relative flex items-center justify-center -ml-1 hidden text-icon-s group-hover:block descendant:!text-link-default"><svg aria-hidden="true" focusable="false" data-prefix="fas" data-icon="arrow-up-right-from-square" class="svg-inline--fa fa-arrow-up-right-from-square " role="img" xmlns="http://www.w3.org/2000/svg" viewBox="0 0 512 512"><path fill="currentColor" d="M320 0c-17.7 0-32 14.3-32 32s14.3 32 32 32h82.7L201.4 265.4c-12.5 12.5-12.5 32.8 0 45.3s32.8 12.5 45.3 0L448 109.3V192c0 17.7 14.3 32 32 32s32-14.3 32-32V32c0-17.7-14.3-32-32-32H320zM80 32C35.8 32 0 67.8 0 112V432c0 44.2 35.8 80 80 80H400c44.2 0 80-35.8 80-80V320c0-17.7-14.3-32-32-32s-32 14.3-32 32V432c0 8.8-7.2 16-16 16H80c-8.8 0-16-7.2-16-16V112c0-8.8 7.2-16 16-16H192c17.7 0 32-14.3 32-32s-14.3-32-32-32H80z"></path></svg></span></span></a></span></span></td><td data-testid="4_timestamp" class="h-7 bg-base px-2 py-1 text-left group-hover:bg-primary descendant:text-body-secondary group-hover:descendant:text-body-primary border-b border-base group-last:border-b-0" style="width: 150px; max-width: 320px;"><span class="flex items-center gap-2"><span class="truncate"><span class="font-qanelas text-body-secondary font-medium text-body-l">Today at 11:22</span></span></span></td><td data-testid="4_viewCount" class="h-7 bg-base px-2 py-1 text-left group-hover:bg-primary descendant:text-body-secondary group-hover:descendant:text-body-primary border-b border-base group-last:border-b-0" style="width: 150px; max-width: 320px;"><span class="flex items-center gap-2"><span class="truncate"><span title="" class="font-qanelas text-body-secondary truncate max-w-full !block font-medium text-body-l"></span></span></span></td><td data-testid="4_postTimestamp" class="h-7 bg-base px-2 py-1 text-left group-hover:bg-primary descendant:text-body-secondary group-hover:descendant:text-body-primary border-b border-base group-last:border-b-0" style="width: 150px; max-width: 320px;"><span class="flex items-center gap-2"><span class="truncate"><span class="font-qanelas text-body-secondary font-medium text-body-l">Jan 27</span></span></span></td></tr></tbody></table>