firstName,lastName,linkedinUrl,company,ycBatch
Chris,Aeberli,https://www.linkedin.com/in/chris-aeberli?miniProfileUrn=urn%3Ali%3Afs_miniProfile%3AACoAADMFOQsBkh0NAqRkmOhwUTWW8xJL7au4Z2U,Sonia (YC W24),YC W24
Tyler,Maran,https://www.linkedin.com/in/tyler-maran?miniProfileUrn=urn%3Ali%3Afs_miniProfile%3AACoAAAyo_iwBYcKGr0Kdg_LFrOo_iwhm6pLJOGs,AI for lending,YC W24
Hendrix,Liu,https://www.linkedin.com/in/hendrix-liu-7a015822b?miniProfileUrn=urn%3Ali%3Afs_miniProfile%3AACoAADmCS2gBBuig0TBLg_Q3Gu8jUmk6M-Osruc,Keywords AI (YC W24),YC W24
Raghav,Pillai,https://www.linkedin.com/in/raghav-pillai?miniProfileUrn=urn%3Ali%3Afs_miniProfile%3AACoAACZePr8BgaA5db2CQmFjzsTXeJCDegijJJs,Speck (YC W24),YC W24
Joel,Ritossa,https://www.linkedin.com/in/joel-ritossa?miniProfileUrn=urn%3Ali%3Afs_miniProfile%3AACoAACMlSyUBzsp1NLOW4bUeOElHpMNZKjHtzBA,Duckie (YC W24) üê• AI Customer Support,YC W24
Chad,Bartley,https://www.linkedin.com/in/chad-k-bartley?miniProfileUrn=urn%3Ali%3Afs_miniProfile%3AACoAABmxQoYBOu_zGk5u0aTFxVCe_a69D-gSBVs,,YC W24
Raymond,Huang,https://www.linkedin.com/in/yunrui-huang?miniProfileUrn=urn%3Ali%3Afs_miniProfile%3AACoAADuoBLQBygK6KOBid1RFa5ly1Fs3JkaaGoU,Keywords AI (YC W24),YC W24
Emre,Gucer,https://www.linkedin.com/in/aegucer?miniProfileUrn=urn%3Ali%3Afs_miniProfile%3AACoAACWb3JkB8IU3DJR3cJQ5U6geuYnfuLj8qVg,Fume (YC W24),YC W24
Santiago,Gomez Paz,https://www.linkedin.com/in/gomezpaz?miniProfileUrn=urn%3Ali%3Afs_miniProfile%3AACoAAB86MdwBg13CHuGQ4WY1mxIWhJSIKI9YHPc,Zaymo (YC W24),YC W24
Tolu,Alabi,https://www.linkedin.com/in/tolu-alabi-08697525?miniProfileUrn=urn%3Ali%3Afs_miniProfile%3AACoAAAVN1SYBsFm4BaJRx8eALCFL0PdNbwz7bYc,Cleva (YC W24),YC W24
Rakeeb,Hossain,https://www.linkedin.com/in/rakeebhossain?miniProfileUrn=urn%3Ali%3Afs_miniProfile%3AACoAAB5J1KQB_9ZGfI16CjbUtyLjWrUZla0dnxU,,YC W24
Robert,McKnight,https://www.linkedin.com/in/robmcknight?miniProfileUrn=urn%3Ali%3Afs_miniProfile%3AACoAAA5V2cgBAfIKAcofhg0ebBg7ItN0kbluH0E,AI for restoration contractors,YC W24
Hunter,Brooks,https://www.linkedin.com/in/seanhunterbrooks?miniProfileUrn=urn%3Ali%3Afs_miniProfile%3AACoAAByn9CcBaE75Ptsu5LoY1E6mMZZ7xutuinc,ellipsis.dev (YC W24),YC W24
Samuel,Akinwunmi,https://www.linkedin.com/in/0x-s13i?miniProfileUrn=urn%3Ali%3Afs_miniProfile%3AACoAAA0lAHIBdHkYgNu01fZm-6j1xcTgvR47F58,Bilanc,YC W24
Zayne,Sagar,https://www.linkedin.com/in/zaynesagar?miniProfileUrn=urn%3Ali%3Afs_miniProfile%3AACoAABls68YBjMFsvXDKJHoNbyGHoYih_cgWrKQ,YC W24,YC W24
Rob,Balian,https://www.linkedin.com/in/robbalian?miniProfileUrn=urn%3Ali%3Afs_miniProfile%3AACoAAAHjS1QBr3_O_2JNIViviKH34kYmW_AgCOQ,Reprompt,YC W24
Shawn,S.,https://www.linkedin.com/in/shawn-shivdat?miniProfileUrn=urn%3Ali%3Afs_miniProfile%3AACoAABwOdNwBGHXDWmigczpUFRFb1qqwo-xSffo,,YC W24
Dan,Elka√Øm,https://www.linkedin.com/in/danelkaim?miniProfileUrn=urn%3Ali%3Afs_miniProfile%3AACoAABcngOYB6xjZP9nkPt3LisxnCmirMQed5-c,Topo (YC W24),YC W24
Joanne,Wang,https://www.linkedin.com/in/joannewang19?miniProfileUrn=urn%3Ali%3Afs_miniProfile%3AACoAACUyK5IBIFO0sqiJCFvt2bt2_L1_wgFSbp8,Copper Health (YC W24),YC W24
Chinmay,Bharti,https://www.linkedin.com/in/chinmay-bharti?miniProfileUrn=urn%3Ali%3Afs_miniProfile%3AACoAACnGCosB96YtfEP0Al0S0hdNcrdlrgyasV4,IIT Bombay 23,YC W24
Anmol,Sood,https://www.linkedin.com/in/anmolsood?miniProfileUrn=urn%3Ali%3Afs_miniProfile%3AACoAABJTRw4BtsMBTMvm_oyqdZ6KyeKI2dZ7fc8,Alai (YC W24),YC W24
Richard,Zhang,https://www.linkedin.com/in/richardfzhang?miniProfileUrn=urn%3Ali%3Afs_miniProfile%3AACoAABFxKaQBuqPbn5rqsnW63WbHOxAqIjZ-b3c,,YC W24
Sean,Safahi,https://www.linkedin.com/in/ssafahi?miniProfileUrn=urn%3Ali%3Afs_miniProfile%3AACoAAABWucEBopmH0xDi2PkF0MYeWSIkd7QOa2k,2x startup founder (YC W24),YC W24
Akaash,Patel,https://www.linkedin.com/in/akaashp?miniProfileUrn=urn%3Ali%3Afs_miniProfile%3AACoAAC2TX_EBX5vp-r9psA7Rx9hr9Gc3UvNCVwE,OddsView (YC W24),YC W24
Bivu,Dhungana,https://www.linkedin.com/in/bivu-dhungana?miniProfileUrn=urn%3Ali%3Afs_miniProfile%3AACoAABEeFu4Bkszw-X1mhfiayynxpehoyxCavQ8,AI Research,YC W24
Henri,Z.,https://www.linkedin.com/in/zhanghenri?miniProfileUrn=urn%3Ali%3Afs_miniProfile%3AACoAABqo5-gBcGnu7A-c_n3JYY_5xuWsrtWZIzA,,YC W24
Abdul,Jamjoom,https://www.linkedin.com/in/abduljamjoom?miniProfileUrn=urn%3Ali%3Afs_miniProfile%3AACoAABNsQ28BuUABimaS-QXrZvAwshAADSr6Pow,Arini (YC W24),YC W24
Qi,Zhang,https://www.linkedin.com/in/i-am-qi-zhang?miniProfileUrn=urn%3Ali%3Afs_miniProfile%3AACoAAA2K664BMEGxgtvRqqFDTqJBBrtp88iUja4,Amazon,YC W24
Yurii,Rebryk,https://www.linkedin.com/in/yrebryk?miniProfileUrn=urn%3Ali%3Afs_miniProfile%3AACoAABd_378Bk6OnwD-Jsf7G9wUifNdpaWsqbXs,GetFluently.app üëâ Improve English with AI,YC W24
Martin,Hunt,https://www.linkedin.com/in/martin-hunt-a3392999?miniProfileUrn=urn%3Ali%3Afs_miniProfile%3AACoAABT14IcBVaL46ZkOdef5_TqKHdqaTBxz8us,Garage,YC W24
Adrian,Ziegler,https://www.linkedin.com/in/adrian-ziegler?miniProfileUrn=urn%3Ali%3Afs_miniProfile%3AACoAAB_0iiUBj91i1doJFZf9KkK7lC5PeIaHP54,CloudCruise (YC W24),YC W24
TJ,Murphy,https://www.linkedin.com/in/tjmurphy?miniProfileUrn=urn%3Ali%3Afs_miniProfile%3AACoAAACmVkUBjqiiB7RXZKLFXryjYwwLWoLEMxA,,YC W24
Grant,Margerum,https://www.linkedin.com/in/grantmargerum?miniProfileUrn=urn%3Ali%3Afs_miniProfile%3AACoAABVC-k4Bt2a-kIIVKI_OyOi6I3Lx_uQFlnU,crmCopilot (YC W24),YC W24
Max,Ahrens,https://www.linkedin.com/in/maximilianahrens?miniProfileUrn=urn%3Ali%3Afs_miniProfile%3AACoAAAshKrYBa8LEhcc-DvaU6PqFDRiwuTHmzE4,Maihem (YC W24),YC W24
Sherry,Liu,https://www.linkedin.com/in/sherryliu987?miniProfileUrn=urn%3Ali%3Afs_miniProfile%3AACoAACQm5o4ByMrabmpC5UWpQftaJ_Ia6mtd7YY,Tamarind Bio (YC W24),YC W24
Aniket,Gupta,https://www.linkedin.com/in/theaniketg?miniProfileUrn=urn%3Ali%3Afs_miniProfile%3AACoAABY7UaIBgwiWK-cXnnlOk4YSzWupXeesQ2g,IIT Roorkee,YC W24
Chris,Weaver,https://www.linkedin.com/in/chris-weaver101?miniProfileUrn=urn%3Ali%3Afs_miniProfile%3AACoAACFJz2EB-Rxi0TVy3cjyn1Un-KN6gB0TJgU,Onyx (YC W24),YC W24
Di,Qi,https://www.linkedin.com/in/di-qi?miniProfileUrn=urn%3Ali%3Afs_miniProfile%3AACoAABehBCUB1VDaaswHxi7F_I6n420Gax9Y8MM,lantern (yc w24),YC W24
Tejas,Hosangadi,https://www.linkedin.com/in/tejashosangadi?miniProfileUrn=urn%3Ali%3Afs_miniProfile%3AACoAAA7ZxnUBpAuBL_MLPxQGrqwQs4dmvnA0mcQ,Preloop (YC W24),YC W24
Ajay,Koritala,https://www.linkedin.com/in/ajaykoritala?miniProfileUrn=urn%3Ali%3Afs_miniProfile%3AACoAABlA32ABr2lz2CCx3JoY0hZecEUTP7zEfiE,OddsView,YC W24
Max,Hammer,https://www.linkedin.com/in/max-hammer-2360571b2?miniProfileUrn=urn%3Ali%3Afs_miniProfile%3AACoAADF8JYoBIXD_Rgz13qNj2m8RSSUtyeRzfB8,CrowdVolt (YC W24),YC W24
Wilbur,Li,https://www.linkedin.com/in/liwilbur?miniProfileUrn=urn%3Ali%3Afs_miniProfile%3AACoAAB8mWnUB4K-4mafor7kCnW8mEGWfzdSgFF4,,YC W24
David,Lalor,https://www.linkedin.com/in/davidlalor5?miniProfileUrn=urn%3Ali%3Afs_miniProfile%3AACoAABwtVtwBW2_ql6wNYH1b6s7TN_GbzZpynDU,Swift (YC W24),YC W24
Aiden,Bai,https://www.linkedin.com/in/aidenbai?miniProfileUrn=urn%3Ali%3Afs_miniProfile%3AACoAADHcWWwBTc8XHUbTbQCOtGuOjJtLmffb8ho,Million (YC W24),YC W24
Ken,Hendricks,https://www.linkedin.com/in/ken-hendricks-96181611a?miniProfileUrn=urn%3Ali%3Afs_miniProfile%3AACoAAB2qPtkBpBa6aJrTI-By1WV4cf_68fhmzOQ,Basepilot (YC W24),YC W24
Cole,R.,https://www.linkedin.com/in/colerubin?miniProfileUrn=urn%3Ali%3Afs_miniProfile%3AACoAAB9RvXIBsJnY-uI8JgupS9YyELy6mu8RBjM,Conduit,YC W24
Danielle,J. Yoesep,https://www.linkedin.com/in/djyoesep?miniProfileUrn=urn%3Ali%3Afs_miniProfile%3AACoAACQSu0kB-YkP2DLM9aPo1zsRxnr0thC59WE,,YC W24
Aditya,Ganapathi,https://www.linkedin.com/in/aditya-ganapathi?miniProfileUrn=urn%3Ali%3Afs_miniProfile%3AACoAABiQKlABf72ayVWpsCNe9A3948p_mIltrNk,Cora,YC W24
Dimitris,Fotis Sakellariou,https://www.linkedin.com/in/sacellarius?miniProfileUrn=urn%3Ali%3Afs_miniProfile%3AACoAACqPDCQBsJdmpGvhS5_GC0KA5VBFw7ky_Ww,Piramidal (YC W24),YC W24
Richard,He,https://www.linkedin.com/in/yuchenghe?miniProfileUrn=urn%3Ali%3Afs_miniProfile%3AACoAABX7MfEBbvyYNMTZmBZyEWrrxklSZovoieI,Building,YC W24
Allen,Naliath,https://www.linkedin.com/in/allennaliath?miniProfileUrn=urn%3Ali%3Afs_miniProfile%3AACoAAC50AtUBbXQ_c-nsIT5tpHAs2KXhAVsqxCI,Friday (YC F24),YC F24
Oliver,W.,https://www.linkedin.com/in/oliverbraly?miniProfileUrn=urn%3Ali%3Afs_miniProfile%3AACoAACUM3GoByNPLN73nxtGP1KB0xzpvwDSy4ic,fixa (YC F24),YC F24
Shardool,Patel,https://www.linkedin.com/in/sp97?miniProfileUrn=urn%3Ali%3Afs_miniProfile%3AACoAACb_pi4B0vb_SfU2n26vbs0YXazzWuc9Qfw,Ex-Palantir,YC F24
Stephen,Grinich,https://www.linkedin.com/in/stephengrinich?miniProfileUrn=urn%3Ali%3Afs_miniProfile%3AACoAABBm43UBNmNiY05LFiqjodGAMWijawh36H4,HealthSpark (YC F24),YC F24
Bella,Wu,https://www.linkedin.com/in/bellacwu?miniProfileUrn=urn%3Ali%3Afs_miniProfile%3AACoAAAZXg2cBi_mGEcKhwlOxtqThM5X_PNqSLLA,Dexter (YC F24),YC F24
Alexandre,Berkovic,https://www.linkedin.com/in/alexandreberkovic?miniProfileUrn=urn%3Ali%3Afs_miniProfile%3AACoAACVuunkBwrx0wVHZf5OJhAdgVH85k4GiBmk,Sphinx (YC F24),YC F24
Nithin,Parsan,https://www.linkedin.com/in/nithin-parsan?miniProfileUrn=urn%3Ali%3Afs_miniProfile%3AACoAACIjIw4B7jdSdpfhzpjAMfpXiyvNPoqo3Vc,MIT CS + Biology,YC F24
Elie,Dufeu Goldenberg,https://www.linkedin.com/in/elie-dufeu-goldenberg?miniProfileUrn=urn%3Ali%3Afs_miniProfile%3AACoAACUh9sYB0d2nUTK7o-LqTmNn03LPYnJ45Ro,Metreecs (YC F24),YC F24
Thomas,Blake,https://www.linkedin.com/in/thomas-blake-abbba0151?miniProfileUrn=urn%3Ali%3Afs_miniProfile%3AACoAACSpRC8B2YVZEE6K81S5tC8BaE2OHiz3vQQ,Astrix Health,YC F24
Chris,Pisarski,https://www.linkedin.com/in/chris-pisarski?miniProfileUrn=urn%3Ali%3Afs_miniProfile%3AACoAAAeoARABWDyz1EU75HBBvc_rK3ACMCPCkVc,Crustdata (YC F24),YC F24
John,Yang,https://www.linkedin.com/in/johnyang101?miniProfileUrn=urn%3Ali%3Afs_miniProfile%3AACoAACuB4yIBQMsyEGuAQoEzjoSZnPy34ZNwGVA,MIT Alum,YC F24
Simranjit,Singh,https://www.linkedin.com/in/simranjit2112?miniProfileUrn=urn%3Ali%3Afs_miniProfile%3AACoAABNSrUMBqA76h1Uhu7DDHepFpnnlpZru7p0,,YC F24
Tarush,Agarwal,https://www.linkedin.com/in/tarush-agarwal?miniProfileUrn=urn%3Ali%3Afs_miniProfile%3AACoAACaRggABPulIDOP3cE9rzc36KLK3g1KZ8ok,IITB CS,YC F24
Akhil,Gupta,https://www.linkedin.com/in/akhil-climate?miniProfileUrn=urn%3Ali%3Afs_miniProfile%3AACoAACiYIxUBG86RaXsHwXyn0cgJ6ZyT3kYhhlk,Fresco (YC F24),YC F24
Rohan,"Parikh, CFA",https://www.linkedin.com/in/parikhrohan?miniProfileUrn=urn%3Ali%3Afs_miniProfile%3AACoAAAUmhC8BzHUqVODJJwh4Teqr3Jd7GywyQ6Y,Keye (YC F24),YC F24
Glenn,E.,https://www.linkedin.com/in/glennespinosa?miniProfileUrn=urn%3Ali%3Afs_miniProfile%3AACoAAATKCjgBOa8HqHuIZdPIlD04EVYvA2LKgq4,Luthor (YC F24),YC F24
Bowen,Liu,https://www.linkedin.com/in/bowen-liu?miniProfileUrn=urn%3Ali%3Afs_miniProfile%3AACoAACUm6AsBwI0ix7Bs1pSCd1Daxhx07LvXk5U,RevisionDojo (YC F24),YC F24
Kesav,Kosana,https://www.linkedin.com/in/kesavkosana?miniProfileUrn=urn%3Ali%3Afs_miniProfile%3AACoAACn6mmEBvdI7CqnNcr4ML2BK2RWE4fuJO5E,BookMyFlight (YC F24),YC F24
Murtaza,Ali,https://www.linkedin.com/in/-murtazaali?miniProfileUrn=urn%3Ali%3Afs_miniProfile%3AACoAAAaRgdQBPnwhF7PCgiElWMQ87iKQcwYxV7U,Symphony (YC F24),YC F24
Tyler,Rich,https://www.linkedin.com/in/tylerrich?miniProfileUrn=urn%3Ali%3Afs_miniProfile%3AACoAABBRgPgBHezbffJ2uIGGCUxbEqtghtgRnvI,Moonset Health (YC F24),YC F24
Nalin,Semwal,https://www.linkedin.com/in/nsemwal?miniProfileUrn=urn%3Ali%3Afs_miniProfile%3AACoAADzfX9MBY3fFJSaWOXHRU1xaTSmbWdhYGZ4,Capy,YC F24
Dexter,Horthy,https://www.linkedin.com/in/dexterihorthy?miniProfileUrn=urn%3Ali%3Afs_miniProfile%3AACoAAA4oHTkByAiD-wZjnGsMBUL_JT6nyyhOh30,more reliable AI agents,YC F24
Anirudh,Ramprasad,https://www.linkedin.com/in/anirudh-ramprasad-7aa7b8215?miniProfileUrn=urn%3Ali%3Afs_miniProfile%3AACoAADZm2XIB-WFsO9UrDRZH-LNIlKArWQaCvIE,,YC F24
Anthony,H.,https://www.linkedin.com/in/ahumay?miniProfileUrn=urn%3Ali%3Afs_miniProfile%3AACoAAAsEqssBrnDbVPU14bdazB2QjXz9uJPmoDg,Meta,YC F24
Manmohit,Grewal,https://www.linkedin.com/in/manmohitgrewal?miniProfileUrn=urn%3Ali%3Afs_miniProfile%3AACoAACFZ9YkBI-6eHJOx8a-KRhQmEZIKPAZdsLg,Crustdata (YC F24),YC F24
Gavin,Saldanha,https://www.linkedin.com/in/gavin-v-saldanha?miniProfileUrn=urn%3Ali%3Afs_miniProfile%3AACoAABAsp9IB1RTNMRFHwh95Sdbbu-poL1Afw0o,Lightscreen AI,YC F24
Usama,"Syed, MD",https://www.linkedin.com/in/usama-syed-md-419b0078?miniProfileUrn=urn%3Ali%3Afs_miniProfile%3AACoAABCJhlUB0VPtUTFJCpm-3hHGYsjx_HZP-LM,FutureClinic (YC F24),YC F24
Huzaifa,Sial,https://www.linkedin.com/in/hsial?miniProfileUrn=urn%3Ali%3Afs_miniProfile%3AACoAAAOCdGwBShNODGgkVdxdhKkalbgvM1Z6GTs,Helpcare AI (YC F24),YC F24
John,Espinosa,https://www.linkedin.com/in/johnespinosa1988?miniProfileUrn=urn%3Ali%3Afs_miniProfile%3AACoAAAxHjI8BhVEq5xwujodub21eGodw00XQQ90,Luthor (YC F24),YC F24
Brooke,Hopkins,https://www.linkedin.com/in/bnhop?miniProfileUrn=urn%3Ali%3Afs_miniProfile%3AACoAABT_yRABlfmpjqxtT6fQWWp2kB6bbaRPy5k,Coval,YC S24
Filip,Kozera,https://www.linkedin.com/in/filipkozera?miniProfileUrn=urn%3Ali%3Afs_miniProfile%3AACoAABZFE6EBCpm81gFU7fCi-TouYNvRwGIHhz4,wordware,YC S24
Vedant,Nair,https://www.linkedin.com/in/vedantnair?miniProfileUrn=urn%3Ali%3Afs_miniProfile%3AACoAADByAO0BM0DTUmhOjMK2fcVrsS1GBMDcafc,Miru (YC S24),YC S24
Rithwik,Pattikonda,https://www.linkedin.com/in/rithwikpattikonda?miniProfileUrn=urn%3Ali%3Afs_miniProfile%3AACoAACE7Y7QBJ1tIWQKeqXsBkE40wzHI81hsBIc,TravelArrow / Roger (YC S24),YC S24
Liam,Collins,https://www.linkedin.com/in/liam-collins-?miniProfileUrn=urn%3Ali%3Afs_miniProfile%3AACoAAB3ormgBF7TVi9jw37y_EF2IRzoFTF54wF4,Proxis (YC S24),YC S24
Abhishek,Ray,https://www.linkedin.com/in/abhishekray00?miniProfileUrn=urn%3Ali%3Afs_miniProfile%3AACoAAAlypE4BszI5gRppvOAlVqlxqrkdejmRXb8,Opslane (YC S24),YC S24
Caitlin,Leksana,https://www.linkedin.com/in/caitlinleksana?miniProfileUrn=urn%3Ali%3Afs_miniProfile%3AACoAABBbN18BoX6SpCszNR6-i8zdTWKGmLCPUig,Fazeshift (YC S24),YC S24
Nikhil,Sonti,https://www.linkedin.com/in/nikhil-sv?miniProfileUrn=urn%3Ali%3Afs_miniProfile%3AACoAAEV5DMQBxyFAdnrFCxHRQ-tBN7tLZH_Bo_g,"Ex-Meta, Microsoft",YC S24
Nithin,Venkat Sonti,https://www.linkedin.com/in/nithinsonti?miniProfileUrn=urn%3Ali%3Afs_miniProfile%3AACoAAAVUzRoB0pi5GpKCPeX03LvTI36vCG3Vjxc,"Ex-Google/Youtube, CMU",YC S24
Arko,C.,https://www.linkedin.com/in/arkoc?miniProfileUrn=urn%3Ali%3Afs_miniProfile%3AACoAAC8ZhsIBSyEv0umgzUOJY0uiwj7OxbbW4f8,YC S24,YC S24
Rachid,Flih,https://www.linkedin.com/in/rflih?miniProfileUrn=urn%3Ali%3Afs_miniProfile%3AACoAABu-TeMBnbFDD52oC2tmUgUu63Mz-B2lxWw,"Automating PO entry into ERPs for distributors, wholesalers & manufacturers",YC S24
Mufeed,VH,https://www.linkedin.com/in/mufeed-vh?miniProfileUrn=urn%3Ali%3Afs_miniProfile%3AACoAAEizM6UBaJGZkvvFjOmCB6w4h8j3tlgRkRU,,YC S24
Yus,Hilmi,https://www.linkedin.com/in/yusufhilmi?miniProfileUrn=urn%3Ali%3Afs_miniProfile%3AACoAACODdq8B6n_wkg4hsmQwcAI8vJQTNvBKfb4,,YC S24
Enrique,Ferrao,https://www.linkedin.com/in/enrique-ferrao?miniProfileUrn=urn%3Ali%3Afs_miniProfile%3AACoAACnYGAIBfbf9Fhq3Eu44g1wmrFv6CP7dTa8,Pipeshift (YC S24),YC S24
David,Chu,https://www.linkedin.com/in/dchu17?miniProfileUrn=urn%3Ali%3Afs_miniProfile%3AACoAAC4gufkB-m6NhBminFQVIrVqXTVWrFviUwU,Nerve (YC S24),YC S24
Robert,Chandler,https://www.linkedin.com/in/robertjhchandler?miniProfileUrn=urn%3Ali%3Afs_miniProfile%3AACoAABW0C8IBE2bCijXhloIWSkhHmRB006q0REo,wordware,YC S24
Zai,Shi,https://www.linkedin.com/in/zaishi?miniProfileUrn=urn%3Ali%3Afs_miniProfile%3AACoAADd5ep0B0HT5zfPODZPNNP9lJgwPRoNcWOs,Stack (YC S24),YC S24
Taranjeet,Singh,https://www.linkedin.com/in/taranjeet7114?miniProfileUrn=urn%3Ali%3Afs_miniProfile%3AACoAAAw4hdMBi95QLeBHFLqIK80UVh1OC5LCDIU,,YC S24
Rohan,Sood,https://www.linkedin.com/in/rohansood3107?miniProfileUrn=urn%3Ali%3Afs_miniProfile%3AACoAAAP0eO0BLQw1_ymDKFQ77jR_tC6Al47Prks,Patched (YC S24),YC S24
Vardhan,Kapoor,https://www.linkedin.com/in/vardhan-kapoor?miniProfileUrn=urn%3Ali%3Afs_miniProfile%3AACoAAA6DMyQBuTG9MO4bWXuX2XEetx54265DFG0,Firstwork (YC & Google AI Backed) I Forbes Human Resources Council I Ex-Deliveroo (LSE:ROO) and Remitly (NASDAQ: RELY) Leadership I Forbes 30U30,YC S24
Michael,Nguyen,https://www.linkedin.com/in/michaelpnguyen?miniProfileUrn=urn%3Ali%3Afs_miniProfile%3AACoAABS8jMoB2DdOVvxZ7ZOJcjxptsYoZs_KbIU,,YC S24
Carl,C.,https://www.linkedin.com/in/carlcortright?miniProfileUrn=urn%3Ali%3Afs_miniProfile%3AACoAABCVNY4BvwhLO53weTo5kLPONVjGBY-BQDU,Built to Build,YC S24
Peter,Marler,https://www.linkedin.com/in/marler?miniProfileUrn=urn%3Ali%3Afs_miniProfile%3AACoAAAEdkfQBpEyXQ512qoJEh9zj3m8V9txf31o,Faster/cheaper VOE/I with AI,YC S24
Marie,van der Klink,https://www.linkedin.com/in/marie-van-der-klink?miniProfileUrn=urn%3Ali%3Afs_miniProfile%3AACoAADPDZR0BEFcd04yGoBBv56bWhe1BeiYgNGk,et al. (YC S24),YC S24
Julia,Turc,https://www.linkedin.com/in/iulia-raluca-turc?miniProfileUrn=urn%3Ali%3Afs_miniProfile%3AACoAAAp_snUBhyKz2f6KIWdhtv1V-tUzBBkC_Lg,Storia (YC S24),YC S24
Leon,Hergert,https://www.linkedin.com/in/leonhergert?miniProfileUrn=urn%3Ali%3Afs_miniProfile%3AACoAACQU95sBouWrLIqUh0QAEq3CerpZL-IooYQ,Spherecast (YC S24),YC S24
Rabii,Malik,https://www.linkedin.com/in/rabii-malik?miniProfileUrn=urn%3Ali%3Afs_miniProfile%3AACoAAB6IuBIBf--xXR0lSnUGlRQEx6D6ieqyruI,Remo (YC S24),YC S24
Nina,Hu,https://www.linkedin.com/in/ninahuuu?miniProfileUrn=urn%3Ali%3Afs_miniProfile%3AACoAABBGReYB_LRsextQ3kzT7HwiiDNNXm8G_AA,DreamRP (YC S24),YC S24
Manish,C.,https://www.linkedin.com/in/manishchauhan01?miniProfileUrn=urn%3Ali%3Afs_miniProfile%3AACoAAANf4OQBv3MO9kYXIDOtNePq0HxaK2OVwGM,SureBright(YC S24),YC S24
Deshraj,Yadav,https://www.linkedin.com/in/deshrajdry?miniProfileUrn=urn%3Ali%3Afs_miniProfile%3AACoAAA_ge6MBz_PVUCMJNE7gJzKeqd-vTX9C4_Y,"Ex - Tesla AI, Snap",YC S24
Srikar,D.,https://www.linkedin.com/in/srikar-d-473390136?miniProfileUrn=urn%3Ali%3Afs_miniProfile%3AACoAACEo35cBtRorrkTgrnw-mNRKN9OQnBO2xd0,Alter (YC S25),YC S25
Luke,Shiels,https://www.linkedin.com/in/shiels?miniProfileUrn=urn%3Ali%3Afs_miniProfile%3AACoAACE7-3YBhvDlJBOuk4WywNUdewASLpd0IUk,,YC S25
Khalid,Ashmawy,https://www.linkedin.com/in/khalidashmawy?miniProfileUrn=urn%3Ali%3Afs_miniProfile%3AACoAAAduQdABe9HrfiemXQpoK4qJpbXogToWMEo,Munify (YC S25),YC S25
Pranjali,Awasthi,https://www.linkedin.com/in/pranjali-awasthi-neuro?miniProfileUrn=urn%3Ali%3Afs_miniProfile%3AACoAADDrgbIB2wj5Muc0zjxuZc5XENtKTw6cCo8,Building slashy.ai (YC S25),YC S25
Farhan,Hossain,https://www.linkedin.com/in/mfarhanh?miniProfileUrn=urn%3Ali%3Afs_miniProfile%3AACoAAAzievIBKHBuvhyMUN_-y_oIvnA57olsev0,Building for Humanity.,YC S25
Henry,Ndubuaku,https://www.linkedin.com/in/henry-ndubuaku-7b6350b8?miniProfileUrn=urn%3Ali%3Afs_miniProfile%3AACoAABj3vXoB9WffqkgTXWZ9mY8yadryo7_eqH4,,YC S25
Omar,Abdelaziz,https://www.linkedin.com/in/oabdelaziz?miniProfileUrn=urn%3Ali%3Afs_miniProfile%3AACoAAA_ezsoBcmKFjeaiyNRbLET4VtoUvHvn2kI,ex-Google,YC S25
Abhay,Kalra,https://www.linkedin.com/in/abhay-kalra-683688214?miniProfileUrn=urn%3Ali%3Afs_miniProfile%3AACoAADY0icMB2C2nrK8FpK-3s5UQ9yHhfxynMxw,Avent (YC S25),YC S25
Jinlin,Zhang,https://www.linkedin.com/in/kenny-zhang-jinlin?miniProfileUrn=urn%3Ali%3Afs_miniProfile%3AACoAACqZORQBKpAxwoE37ZRC9W2V2jJd9QuVaCI,Riff (YC S25),YC S25
Daivik,Goel,https://www.linkedin.com/in/daivikg?miniProfileUrn=urn%3Ali%3Afs_miniProfile%3AACoAAB9xjdABQH1wq3KlP2ZLYsnm1wSabbTMJoY,uWaterloo Eng,YC S25
Edward,Look,https://www.linkedin.com/in/edwlk?miniProfileUrn=urn%3Ali%3Afs_miniProfile%3AACoAABFKO1sBJP9CwWD0A2Coa3H0DprqJD3OKxw,Floot (YC S25),YC S25
Daniel,Rupawalla,https://www.linkedin.com/in/danielrupawalla?miniProfileUrn=urn%3Ali%3Afs_miniProfile%3AACoAADkJokoBHS9shm3q5BUuWTPxqZZYHgy5oCo,Nuntius (YC S25),YC S25
Angel,Onuoha,https://www.linkedin.com/in/angel-onuoha?miniProfileUrn=urn%3Ali%3Afs_miniProfile%3AACoAAB9yYxIBwtpvp2dHRh3xHdj_aj8LVHixc4w,Avelis Health (YC S25),YC S25
Ritam,Rana,https://www.linkedin.com/in/ritamrana?miniProfileUrn=urn%3Ali%3Afs_miniProfile%3AACoAACsQqnABR2IPcJ_donyjrhAblSSx61FvtHg,Knowlify (YC S25),YC S25
Ethan,Gibbs,https://www.linkedin.com/in/etgibbs?miniProfileUrn=urn%3Ali%3Afs_miniProfile%3AACoAADD6YMUBq3us1otK_zN0Bl6VIkUh5OWU5AA,Embedder (YC S25),YC S25
Leeds,Rising,https://www.linkedin.com/in/leedsrising?miniProfileUrn=urn%3Ali%3Afs_miniProfile%3AACoAABrI0yABG5tQaQoImtS1eNEFInq1ohsLPZk,CEO Palace (YC S25),YC S25
Ayush,Rodrigues,https://www.linkedin.com/in/ayrod?miniProfileUrn=urn%3Ali%3Afs_miniProfile%3AACoAAC493v0B4kNfGaMYsl4qpt1SIWipJb-s-AM,0 webhooks (Hiring!!),YC S25
Tim,Cherkasov,https://www.linkedin.com/in/timcherkasov?miniProfileUrn=urn%3Ali%3Afs_miniProfile%3AACoAABc9mnYB4R_jrJBsvC7zYnmxGNYL4TR7nEw,trace.so (YC S25),YC S25
Vedant,Vyas,https://www.linkedin.com/in/vedant-vyas5?miniProfileUrn=urn%3Ali%3Afs_miniProfile%3AACoAADjJI2wB4g6tDosdxix9p7NSlMsYemagOkM,Opennote (YC S25),YC S25
Nicole,Ma,https://www.linkedin.com/in/ma06nicole?miniProfileUrn=urn%3Ali%3Afs_miniProfile%3AACoAADEv47UBhh5jmZhmmnCemTCXDUYF7rwN5T8,Topological (YC S25),YC S25
Ryan,Ewing,https://www.linkedin.com/in/rjewing?miniProfileUrn=urn%3Ali%3Afs_miniProfile%3AACoAACLozBEBumC0itpBx_8LNiUTHxt3y5KMGqA,,YC S25
Charles,Antoine Malenfant,https://www.linkedin.com/in/charles-antoine-malenfant-618776b9?miniProfileUrn=urn%3Ali%3Afs_miniProfile%3AACoAABk1RvQB4UplF3EipVEt5IGLZVWdsPcL_QI,GhostEye (YC S25),YC S25
Alessia,Paccagnella,https://www.linkedin.com/in/alepacca?miniProfileUrn=urn%3Ali%3Afs_miniProfile%3AACoAABweYtYBwm5o5RMXP4mYlxFRILIuqTGbV6Q,VibeFlow (YC S25),YC S25
Tom,Greenwald,https://www.linkedin.com/in/t-greenwald?miniProfileUrn=urn%3Ali%3Afs_miniProfile%3AACoAACERbjIBW6etTlxTKk8cUMs_c_9fPtX-_iE,Sagekit (YC S25),YC S25
Warren,Wang,https://www.linkedin.com/in/warrenwang-fnu?miniProfileUrn=urn%3Ali%3Afs_miniProfile%3AACoAACONmJIBAGYPK8XiQdBEjVpf5ppShDBR9Ls,dScribe AI (YC S25),YC S25
Chris,Nolet,https://www.linkedin.com/in/chrisnolet?miniProfileUrn=urn%3Ali%3Afs_miniProfile%3AACoAAAKPw8UBK0Izl98ln7PAeW2Xv7zm27PVnl0,Vibe Code Go (YC S25) ¬∑ ex-Apple,YC S25
Aram,Shatakhtsyan,https://www.linkedin.com/in/artahian?miniProfileUrn=urn%3Ali%3Afs_miniProfile%3AACoAAAZt0a0BpJsDOEvyT3iry4I_d2xqoCesaEM,Modelence,YC S25
Ben,Smith,https://www.linkedin.com/in/ben-smith-b15b12293?miniProfileUrn=urn%3Ali%3Afs_miniProfile%3AACoAAEctmMEBzLMj3fhPvOurnCDUZp16CxuQ5cs,Skope (YC S25),YC S25
Christopher,Markus,https://www.linkedin.com/in/chris-markus?miniProfileUrn=urn%3Ali%3Afs_miniProfile%3AACoAACXlus8B2DnBO_m1smXnPjw9opbks3CxCfw,BootLoop (YC S25),YC S25
Roman,Shemet,https://www.linkedin.com/in/roman-shemet?miniProfileUrn=urn%3Ali%3Afs_miniProfile%3AACoAAB99Yp4BPKjwMrF8J1_hdPRtZ7cx4QdR0uU,Cactus (YC S25),YC S25
Ananth,Subramanya,https://www.linkedin.com/in/ams29?miniProfileUrn=urn%3Ali%3Afs_miniProfile%3AACoAADduWwoBBSoKqH7qn2FwuOv1RIVkJa1n1B8,MangoDesk (YC S25),YC S25
Juan,Francisco Alzugaray,https://www.linkedin.com/in/jfalzugaray?miniProfileUrn=urn%3Ali%3Afs_miniProfile%3AACoAADXZVeMBq2LZHlCCFPABaFEEhM1f3Ck0KhM,Flai (YC S25),YC S25
Bruno,Koba,https://www.linkedin.com/in/bruno-koba?miniProfileUrn=urn%3Ali%3Afs_miniProfile%3AACoAABTnT4gBbt8BvYGbIYqL9STOuQLaVDLrgf0,Gaus (YC S25),YC S25
Ayaan,Parikh,https://www.linkedin.com/in/ayaan-parikh?miniProfileUrn=urn%3Ali%3Afs_miniProfile%3AACoAADWSFjsB4J-_FCCI-q36q_YV8eS06o0g5Jo,Convexia (YC S25),YC S25
Paul,Bae,https://www.linkedin.com/in/pybae?miniProfileUrn=urn%3Ali%3Afs_miniProfile%3AACoAABXjpUwBNZBNtA6UEQUQ4JyLkgfn1EsIvsc,Async (YC S25),YC S25
Arjun,Talati,https://www.linkedin.com/in/arjun-talati?miniProfileUrn=urn%3Ali%3Afs_miniProfile%3AACoAAENfzFcB0E7JkL7KCzKuLKggu4hXQ-vBMr8,Knowlify (YC S25),YC S25
Adi,Singh,https://www.linkedin.com/in/adivirsingh13?miniProfileUrn=urn%3Ali%3Afs_miniProfile%3AACoAADQEshQBG1avGHOcJhoS7zGI-WO9v0w5FDk,AgentMail (YC S25),YC S25
Priti,Rangnekar,https://www.linkedin.com/in/pritirangnekar?miniProfileUrn=urn%3Ali%3Afs_miniProfile%3AACoAAB6HCO8BkjsfxCMfWyE_dUoWtqw8EP7CrWQ,Nixo (YC S25),YC S25
Filippo,Facioni,https://www.linkedin.com/in/filippo-facioni-678b08181?miniProfileUrn=urn%3Ali%3Afs_miniProfile%3AACoAACsOjbwBg25TlCIz82J_Jyj1Ow63-5Zn6MU,Mobile Operator (YC S25),YC S25
John,Huddleston,https://www.linkedin.com/in/john-huddleston-3584121b7?miniProfileUrn=urn%3Ali%3Afs_miniProfile%3AACoAADJtwHQBUnC5j5Q-nLqXQtn4iR4ubg-agA0,,YC S25
Andrea,P.,https://www.linkedin.com/in/pinto-andrea?miniProfileUrn=urn%3Ali%3Afs_miniProfile%3AACoAACpwpGgB7225s0spBOcT7R6c8AU6A8YIFgA,Nottelabs (YC S25),YC S25
Pratham,Bansal,https://www.linkedin.com/in/bansalpratham?miniProfileUrn=urn%3Ali%3Afs_miniProfile%3AACoAAC_eBJYBHdrGkO-38J9L4qSEd7Q0LAF_YSE,Lanesurf (YC S25),YC S25
Rohan,Sharma,https://www.linkedin.com/in/r9a?miniProfileUrn=urn%3Ali%3Afs_miniProfile%3AACoAAATxqkYBz-qd6SZq1yMPIi_kaPQWNzWZ1a0,Serafis (YC S25),YC S25
Pietro,Zullo,https://www.linkedin.com/in/pietrozullo?miniProfileUrn=urn%3Ali%3Afs_miniProfile%3AACoAACYxPYEBdBfZQ233ZHFv3EhGXBMBdBnJeDo,,YC S25
Zeyneb,Kaya,https://www.linkedin.com/in/zeyneb-kaya?miniProfileUrn=urn%3Ali%3Afs_miniProfile%3AACoAADDzi_YBOK2mWkddmCnVYAJn9jbzP6nnhU4,Topological (YC S25),YC S25
Akash,Thakur,https://www.linkedin.com/in/akashthakur1203?miniProfileUrn=urn%3Ali%3Afs_miniProfile%3AACoAAAcSmH8BF2L0fJg9HWFupH3Yw_USGgbTLio,Ex-Apple,YC S25
Chinmay,Patel,https://www.linkedin.com/in/chinmayspatel?miniProfileUrn=urn%3Ali%3Afs_miniProfile%3AACoAAA6f3G0B_cnLLkwn-vFlYQelNlZafMklbxs,"Ex-Harvard, Stanford, MIT, BCG",YC S25
Alec,Olesky,https://www.linkedin.com/in/alec-olesky?miniProfileUrn=urn%3Ali%3Afs_miniProfile%3AACoAAB8iHsQBChdp0cF_oxSMizwKNpdSE9yeWQM,RowFlow (YC S25),YC S25
Royce,Arockiasamy,https://www.linkedin.com/in/roycea1?miniProfileUrn=urn%3Ali%3Afs_miniProfile%3AACoAADXX8pYBWBDj08sUsG7i-KWn-fGccfhqNtI,,YC S25
Abhigyan,Arya,https://www.linkedin.com/in/abhiaarya?miniProfileUrn=urn%3Ali%3Afs_miniProfile%3AACoAADPVvgkBSCCv52qyNeR7L7nLYXun_bCp7PM,"Browserbase, NASA",YC S25
Arnav,Agrawal,https://www.linkedin.com/in/arnavagrawal03?miniProfileUrn=urn%3Ali%3Afs_miniProfile%3AACoAAD4IFD0BxxGjZwH2-shtC9cIdFr1w9ICfcg,,YC X25
Swan,Beaujard,https://www.linkedin.com/in/nullswan?miniProfileUrn=urn%3Ali%3Afs_miniProfile%3AACoAADTr2N8BsKY_J7zFd5xkWEzACgnDFGzuWz8,Nomi (YC X25),YC X25
Eric,Mao,https://www.linkedin.com/in/eric-mao?miniProfileUrn=urn%3Ali%3Afs_miniProfile%3AACoAADsxdw8BxRn8JRxAkxakLMMf09WQR5YHiE8,clado (YC X25),YC X25
Mathieu,Rihet,https://www.linkedin.com/in/mathieurihet?miniProfileUrn=urn%3Ali%3Afs_miniProfile%3AACoAAEay03oBMVA6wyIRIC031jDbWpA9aCEKmjU,Novoflow (YC X25),YC X25
Christopher,L.,https://www.linkedin.com/in/~chris?miniProfileUrn=urn%3Ali%3Afs_miniProfile%3AACoAABnfEdwByZxUkhLLPURu6iiwCMYg2hrFFDg,BitPatrol (YC X25),YC X25
Viraj,Mehta,https://www.linkedin.com/in/virajmehta28?miniProfileUrn=urn%3Ali%3Afs_miniProfile%3AACoAACfJ_WABVKZ6H0J9NNmNnrlGC3Tvb69WC5E,Galen AI (YC X25),YC X25
Om,Agarwal,https://www.linkedin.com/in/om-agarwal?miniProfileUrn=urn%3Ali%3Afs_miniProfile%3AACoAABzQRmcBed2o6H_AazCwbZgLPEJr28MNYRU,Minerva (YC X25),YC X25
Shourya,Lala,https://www.linkedin.com/in/shouryalala?miniProfileUrn=urn%3Ali%3Afs_miniProfile%3AACoAABzPbVAB-4HuyffNtkXz7cCwlUR8v0DSQi0,Third Chair (YC X25),YC X25
Sean,Dorje,https://www.linkedin.com/in/seandorje?miniProfileUrn=urn%3Ali%3Afs_miniProfile%3AACoAADl_0DsBUTWTJlr8X4VMTncPZcyFoS7TzRY,Relixir (YC X25),YC X25
Georges,C.,https://www.linkedin.com/in/thegeorgesc?miniProfileUrn=urn%3Ali%3Afs_miniProfile%3AACoAADaiEaoBDaoZ1JxTUNIoX8OqJyu--bJ5ew4,Novoflow (YC X25): AI employees for clinics,YC X25
Lalit,Kundu,https://www.linkedin.com/in/lalitkundu?miniProfileUrn=urn%3Ali%3Afs_miniProfile%3AACoAAAc6HCsBislAZ_YqXHLnnIM8t-syIF7jHyo,Google,YC X25
Ananth,Kashyap,https://www.linkedin.com/in/ananth-kashyap?miniProfileUrn=urn%3Ali%3Afs_miniProfile%3AACoAADUBQmsBhtXUnyxhtvUgHUgKTS1DaoPr5nI,Sureform (YC X25),YC X25
Aaksha,Meghawat,https://www.linkedin.com/in/aaksham?miniProfileUrn=urn%3Ali%3Afs_miniProfile%3AACoAAAZQkvIBE_e1-yJ4vomnVRh2mmxiP0J1_7k,Kashikoi (YC X25),YC X25
Francesco,Bonacci,https://www.linkedin.com/in/francesco-bonacci-70428a121?miniProfileUrn=urn%3Ali%3Afs_miniProfile%3AACoAAB4ed3QBhp75iHElec1JrQVKSvUW9rOyIvg,"Cua AI (YC X25), Previously Gaming AI at Xbox",YC X25
Spencer,Brown,https://www.linkedin.com/in/spencercbrown?miniProfileUrn=urn%3Ali%3Afs_miniProfile%3AACoAABDJwZsBGR_QQLbmCQVxNNcP298CYOSTScY,Chestnut,YC X25
Rohan,Vasishth,https://www.linkedin.com/in/rohanvas?miniProfileUrn=urn%3Ali%3Afs_miniProfile%3AACoAACCjMQMBThjIcLaWMSi4jhzYVwgBAEC9exE,Bluejay (YC X25),YC X25
Jack,Swisher,https://www.linkedin.com/in/jack-swisher-77548a165?miniProfileUrn=urn%3Ali%3Afs_miniProfile%3AACoAACdnT8kB8rvMFmIYEiy9fyFOb4SP4T8AwfU,,YC X25
Dylan,Nguyen,https://www.linkedin.com/in/dylan-nguyenn?miniProfileUrn=urn%3Ali%3Afs_miniProfile%3AACoAADrmULQBFQakhZ63inAB4avz0wMqgKSQdXY,Code Four (YC X25),YC X25
Yoav,Zimmerman,https://www.linkedin.com/in/yoav-zimmerman-05653252?miniProfileUrn=urn%3Ali%3Afs_miniProfile%3AACoAAAsc3MIBLHkNLN14Twgk8JS76cRYjGomsac,Third Chair (YC X25),YC X25
Kevin,Treehan,https://www.linkedin.com/in/kevintreehan?miniProfileUrn=urn%3Ali%3Afs_miniProfile%3AACoAACgcdgwBNGhsDwRwktHTy8D4_LCmJ7sWVcQ,Capacitive,YC X25
Vraj,P.,https://www.linkedin.com/in/vrajdirajlal?miniProfileUrn=urn%3Ali%3Afs_miniProfile%3AACoAACfXk9ABiyDCmecqSv8MXxTICDB9WJWsyQE,Atlog (YC X25),YC X25
Casey,O'Grady,https://www.linkedin.com/in/casey-og?miniProfileUrn=urn%3Ali%3Afs_miniProfile%3AACoAACH4b1IB7JYb8U3y3Tztp6HHHxVa_W_KPTs,Blueshoe (YC X25),YC X25
Alex,Odin,https://www.linkedin.com/in/odinalex?miniProfileUrn=urn%3Ali%3Afs_miniProfile%3AACoAAA_vDv0B-CXtschUlhxXIXkGFFVP-FgeFDw,AI Strategy & Product Development for Scaling Conversational GenAI,YC X25
Pratham,Hombal,https://www.linkedin.com/in/prathamhombal?miniProfileUrn=urn%3Ali%3Afs_miniProfile%3AACoAAEIxPLwBbnxKuHwT_NKfIxcdhlX83z4szqQ,Stratify (YC X25),YC X25
Akul,Gupta,https://www.linkedin.com/in/akulguptax?miniProfileUrn=urn%3Ali%3Afs_miniProfile%3AACoAAC96WE4Bvufwf4N_WPE0_qtAnieL6mS4OFs,MindFort (YC X25),YC X25
Eshani,Mehta,https://www.linkedin.com/in/eshanimehta?miniProfileUrn=urn%3Ali%3Afs_miniProfile%3AACoAABzPuhoBcRvvl0zTXThqhzEfNxgojH9IXCg,Lumari (YC X25),YC X25
Daanish,Khazi,https://www.linkedin.com/in/daanishkhazi?miniProfileUrn=urn%3Ali%3Afs_miniProfile%3AACoAABHjbRoBQPMYXPwz5NXBtqsYjof0vB5zE34,TLDC (YC X25),YC X25
Amandeep,Singh,https://www.linkedin.com/in/amandeep-singh0?miniProfileUrn=urn%3Ali%3Afs_miniProfile%3AACoAAAeXOWIBZhjGhreZoI0kEOxTvYz2ig47Eq4,ScalarField.io (YC X25),YC X25
Skyler,Ji,https://www.linkedin.com/in/skyler-ji?miniProfileUrn=urn%3Ali%3Afs_miniProfile%3AACoAADMiezMBN-RGOpfpkAS-OEyczNUD6qT17tU,Human Behavior (YC x25),YC X25
Priyanka,S.,https://www.linkedin.com/in/priyanka-shrestha-?miniProfileUrn=urn%3Ali%3Afs_miniProfile%3AACoAADI1_Y4B2Q_8sBp3_K4m8TI7jSTrLkaP8sg,Galen AI (YC X25),YC X25
Kevin,Z.,https://www.linkedin.com/in/kevindzhang?miniProfileUrn=urn%3Ali%3Afs_miniProfile%3AACoAABjvg_gBcLvqiOjglqbwcquNV9uE1f_leCM,Cohesive AI (YC X25),YC X25
Nikhil,Tiwari,https://www.linkedin.com/in/nikhiltiwari-iitb?miniProfileUrn=urn%3Ali%3Afs_miniProfile%3AACoAADLJTgcBL5fOIH-LuDErLaAWMHr5TCFHgYI,Frekil (YC X25),YC X25
Chloe,Samaha,https://www.linkedin.com/in/chloesamaha?miniProfileUrn=urn%3Ali%3Afs_miniProfile%3AACoAADD8ZK4B5UaEmqSDRXTD-3N5ADO1c4z31dI,BOND (YC X25),YC X25
Krishang,Todi,https://www.linkedin.com/in/krishang-todi-a6525b135?miniProfileUrn=urn%3Ali%3Afs_miniProfile%3AACoAACD2jS0BUDhIupOu6AlrmCWmPoXtbBY_pm8,Aegis (YC X25),YC X25
amogh,chaturvedi,https://www.linkedin.com/in/amoghchaturvedi1?miniProfileUrn=urn%3Ali%3Afs_miniProfile%3AACoAADvgSY0BS0vsNMPUJImqnTAnL9OPnGA_IuM,human behavior (yc x25) // prev stanford,YC X25
Amir,Farahani,https://www.linkedin.com/in/theamirfarahani?miniProfileUrn=urn%3Ali%3Afs_miniProfile%3AACoAADaHMHMBjcGiBdeLHAMBqqatO1aJPwWBluU,Caucus (YC X25),YC X25
Alex,Liu,https://www.linkedin.com/in/alexyliuswe?miniProfileUrn=urn%3Ali%3Afs_miniProfile%3AACoAACPMOJwBHmhDcXJ1Nxg4F8-kV2HlIJMKKmM,Prism AI (YC X25),YC X25
Bryan,Guin,https://www.linkedin.com/in/bryan-guin?miniProfileUrn=urn%3Ali%3Afs_miniProfile%3AACoAACEGOjcBYunNsGuRE5PfIvgPuDvHvogl5uo,Avallon AI (YC X25),YC X25
Rayan,Garg,https://www.linkedin.com/in/rayan-garg?miniProfileUrn=urn%3Ali%3Afs_miniProfile%3AACoAACsX-KcB8YrAmdwi4Czmue1OEiG1W0MXqD8,,YC X25
Ilariia,Belova,https://www.linkedin.com/in/jhilary?miniProfileUrn=urn%3Ali%3Afs_miniProfile%3AACoAAAk7SkcBVMpAoE63B2qVXUyIjzQsauxVJj4,"Stealth Startup (YC F25), ex-Yandex",YC F25
Sri,Raghu Malireddi,https://www.linkedin.com/in/r4ghu?miniProfileUrn=urn%3Ali%3Afs_miniProfile%3AACoAAAu0Y0kBacpTHOpn0H58hOmbDHUXfgIDMRE,Moss (YC F25),YC F25
Kiran,Mohan,https://www.linkedin.com/in/kiranmohanb?miniProfileUrn=urn%3Ali%3Afs_miniProfile%3AACoAACo2k7oBRTnSx6YhzVSMf6YFlbm_TtYpfb4,Lexi (YC F25),YC F25
Humza,Ahmed,https://www.linkedin.com/in/h4ahmed?miniProfileUrn=urn%3Ali%3Afs_miniProfile%3AACoAAEBZClUBwEFUX5nT-VMzl3ruDgwUrxyL0JI,Automax.ai (YC F25),YC F25
Shivani,Patel,https://www.linkedin.com/in/shivanijpatel?miniProfileUrn=urn%3Ali%3Afs_miniProfile%3AACoAABx1IXUBcjzTlJFBJXRri8gbY5bOvOxUf40,Telemetron (YC F25),YC F25
Sebastian,Fischer,https://www.linkedin.com/in/sebafischer?miniProfileUrn=urn%3Ali%3Afs_miniProfile%3AACoAAAxDPYcBmAS-S4GhvVQgfQ1YjDxHDn_bzsc,Wardstone (YC F25),YC F25
Marvin,Abdel-Massih,https://www.linkedin.com/in/marvinabdel-massih?miniProfileUrn=urn%3Ali%3Afs_miniProfile%3AACoAACAY8KcB5YZoejxMJoXa8jXubqMAb8XTSAc,Uplane (YC F25),YC F25
Aman,Mishra,https://www.linkedin.com/in/aman005?miniProfileUrn=urn%3Ali%3Afs_miniProfile%3AACoAACysC30Bv7Ziy5I9XAff2Uu9gIjsHzrI7Gs,Unsiloed AI (YC F25) ‚Ä¢ IIT Kharagpur,YC F25
Adnan,Abbas,https://www.linkedin.com/in/adnan-abbas-903b711a2?miniProfileUrn=urn%3Ali%3Afs_miniProfile%3AACoAAC-DptMBwoP_jg3JghsqnLTCeEEaDb-BBsY,Unsiloed AI (YC F25),YC F25
Angelica,Iacovelli,https://www.linkedin.com/in/angelica-iacovelli-490a8a1a7?miniProfileUrn=urn%3Ali%3Afs_miniProfile%3AACoAADBkNiwBZlAl5CRf7lPF9aijbLFFjT_ea78,Nucleo (YC F25),YC F25
Saad,Jamal,https://www.linkedin.com/in/sadjamz?miniProfileUrn=urn%3Ali%3Afs_miniProfile%3AACoAACh8ctwBNVCbQe17I25QNr1m6QPQUzs4eEs,claybird.com (yc f25),YC F25
Devin,Cintron,https://www.linkedin.com/in/devin-cintron?miniProfileUrn=urn%3Ali%3Afs_miniProfile%3AACoAABl7Zq0B7I_AQnRK3ZKU-YppK0srmIHkZpE,Stanford AI,YC F25
Gregory,Makodzeba,https://www.linkedin.com/in/gregory-makodzeba?miniProfileUrn=urn%3Ali%3Afs_miniProfile%3AACoAAC1gtAgBiCX_MoJqJcNubDlCX72eAErRJZ8,prox.inc,YC F25
Maitreya,Wagh,https://www.linkedin.com/in/maitreya-wagh?miniProfileUrn=urn%3Ali%3Afs_miniProfile%3AACoAACIF72EBPEDKAfaDm8QQNyYB7mvHdnOf5kY,IIT Delhi,YC F25
Brandon,Abreu Smith,https://www.linkedin.com/in/brandon-abreu-smith?miniProfileUrn=urn%3Ali%3Afs_miniProfile%3AACoAACyKPjkBTqruiO23SDgsxeyk5zDeW0ogN5U,Structured AI (YC F25),YC F25
Max,Minsker,https://www.linkedin.com/in/max-minsker?miniProfileUrn=urn%3Ali%3Afs_miniProfile%3AACoAABmOgokBzuSH1-3T2jl9AfQQhqp22LDbzE0,Cranston AI (YC F25),YC F25
Sai,Mandhan,https://www.linkedin.com/in/saimandhan?miniProfileUrn=urn%3Ali%3Afs_miniProfile%3AACoAADkew1IBQIVaPCIz3s_1d51bimDFxeaZAS0,Remedy (YC F25),YC F25
Ludovic,Granger,https://www.linkedin.com/in/ludovic-granger?miniProfileUrn=urn%3Ali%3Afs_miniProfile%3AACoAABpjW_MBpMbu2lwUa38z-iFByXCT3CvxuQM,Leadbay - We discover & qualify companies others can‚Äôt find.,YC F25
David,Day,https://www.linkedin.com/in/daviddaytw?miniProfileUrn=urn%3Ali%3Afs_miniProfile%3AACoAAEUlgQMBSpkWobe1sqV1H-zLv3h2O8vcgYc,Co-Founder of LunaBill (YC F25),YC F25
Siddhant,Paliwal,https://www.linkedin.com/in/siddhantpaliwal?miniProfileUrn=urn%3Ali%3Afs_miniProfile%3AACoAADLr0L4BOtFr0QqkACxTt16scsK_PJf24TY,Bear (YC F25),YC F25
Shikhar,Bhushan,https://www.linkedin.com/in/shikhrr?miniProfileUrn=urn%3Ali%3Afs_miniProfile%3AACoAAAMSlZ0B94Gb20s8y-9VVEChMML4-dtJfQA,s2.dev (YC F25),YC F25
Cody,Swain,https://www.linkedin.com/in/cody-swain?miniProfileUrn=urn%3Ali%3Afs_miniProfile%3AACoAAB1HtbcBXDt-XFvLLwQkhA1qrMuJN5ox0aI,Parametric (YC F25),YC F25
Rush,Sadiwala,https://www.linkedin.com/in/rush-sadiwala?miniProfileUrn=urn%3Ali%3Afs_miniProfile%3AACoAAANQKhIBG6URunQwZIbVZ4Ij5o0Dis5bNw8,,YC F25
Aayush,Naik,https://www.linkedin.com/in/aayn?miniProfileUrn=urn%3Ali%3Afs_miniProfile%3AACoAABr_CLMB3H8ytcI655eiMnnAw1gx4NrEnzo,Hypercubic (YC F25),YC F25
Rishabh,Dhariwal,https://www.linkedin.com/in/rishabh-dhariwal?miniProfileUrn=urn%3Ali%3Afs_miniProfile%3AACoAAC2gTnYBsxfcHGkRufUjSbS45YeDGLwjyHg,Zarna (YC F25),YC F25
Harshil,Rastogi,https://www.linkedin.com/in/harshilrastogi?miniProfileUrn=urn%3Ali%3Afs_miniProfile%3AACoAAA3I3G8BkiKGo-s38_QMLCJUC8GRepcPSX4,Ex-Google(SWE),YC F25
Hrishi,P Joshi,https://www.linkedin.com/in/rishij7?miniProfileUrn=urn%3Ali%3Afs_miniProfile%3AACoAAD9hjacBOCq8aHkqDwAHhE8RiYCBOYFM3AU,Zarna (YC F25),YC F25
Conor,Brennan-Burke,https://www.linkedin.com/in/conorbrennanburke?miniProfileUrn=urn%3Ali%3Afs_miniProfile%3AACoAAA1QLl8BLpKRHvOKO5gotlLKw4_jpaus9OE,Hyperspell,YC F25
Kurush,Dubash,https://www.linkedin.com/in/kurushdubash?miniProfileUrn=urn%3Ali%3Afs_miniProfile%3AACoAAAakp-8BTXOiIdfsbwsUpeSd74vjeQ-rxWQ,Expert Blockchain Witness,YC F25
Srinath,Somasundaram,https://www.linkedin.com/in/srinath-somasundaram?miniProfileUrn=urn%3Ali%3Afs_miniProfile%3AACoAADWSOUAB2dSnYhhRUOCqKX1MTIkvipuwK8Y,Deeptrace,YC F25
Christian,Catanese,https://www.linkedin.com/in/christian-catanese?miniProfileUrn=urn%3Ali%3Afs_miniProfile%3AACoAACgCHoYBKvaA-1wk1UlHfJ3hIzE-On-gcO4,Mainflow (Accepted YC F25),YC F25
Nithik,Yekollu,https://www.linkedin.com/in/nithik-yekollu-7298671a8?miniProfileUrn=urn%3Ali%3Afs_miniProfile%3AACoAADCJeVEBkNXKEBEXP6wSsPgwUNhzRLYVlWA,Berkeley,YC F25
Yolanda,Cao,https://www.linkedin.com/in/yolandacao1?miniProfileUrn=urn%3Ali%3Afs_miniProfile%3AACoAACIkiuoBzwPV4YE_7IC-ksAF5f2ZXLHTauc,Everest (YC),YC F25
Gautam,Paranjape,https://www.linkedin.com/in/gparanjape?miniProfileUrn=urn%3Ali%3Afs_miniProfile%3AACoAADGLL2wBtGppX8AbX93bxpK_PT1P_NGlhIY,Mantle (YC F25),YC F25
Paulo,üêó Nascimento,https://www.linkedin.com/in/paulonasc?miniProfileUrn=urn%3Ali%3Afs_miniProfile%3AACoAAClcO-oBU-yiBdf_qARZdp4OAAPdbgUm9mc,"ex-Okta, Auth0",YC F25
Abhimanyu,Yadav,https://www.linkedin.com/in/abhiy1?miniProfileUrn=urn%3Ali%3Afs_miniProfile%3AACoAABiZkSsB5-GRzSN1-vMyji9ouj6x3NzAKi0,Questom (YC F25),YC F25
Janak,Sunil,https://www.linkedin.com/in/janaksunil?miniProfileUrn=urn%3Ali%3Afs_miniProfile%3AACoAAC2qPcQBGNQ105pFnGZYG76OTk7MYcOCVcw,Bear (YC F25),YC F25
Celia,Manzano,https://www.linkedin.com/in/celiamanz?miniProfileUrn=urn%3Ali%3Afs_miniProfile%3AACoAAC4MJDgB_1ToudtGoizKYptMxBU3xjV-oDw,Rebolt (YC W25),YC W25
Aamish,Ahmad Beg,https://www.linkedin.com/in/aamish-ahmad-beg?miniProfileUrn=urn%3Ali%3Afs_miniProfile%3AACoAACoRxmwBDt-ZDEs0xDlZqV2nBtSqiXf-JsQ,Lopus AI (YC W25),YC W25
Zach,Dive,https://www.linkedin.com/in/zacharydive?miniProfileUrn=urn%3Ali%3Afs_miniProfile%3AACoAABcxoj0BYUJAX7qvs2fplDp0N_WKH2KQYJc,Adam.,YC W25
Cameron,Hake,https://www.linkedin.com/in/cameron-hake-651062194?miniProfileUrn=urn%3Ali%3Afs_miniProfile%3AACoAAC2R9x0B_VO72UNfa0VYwTn-NnpZ97MsdMs,Bystreet (YC W25),YC W25
Robertson,Taylor,https://www.linkedin.com/in/robertsonotaylor?miniProfileUrn=urn%3Ali%3Afs_miniProfile%3AACoAABdJB20BbR1tnQm-u6x5bt1DyjFpPLezacM,Calltree (YC W25),YC W25
Ishan,Sheth,https://www.linkedin.com/in/isheth?miniProfileUrn=urn%3Ali%3Afs_miniProfile%3AACoAACud6zQBs_Q6pan90b-lsZFju8QxG0XZxhM,,YC W25
Nihad,Yolchuyev,https://www.linkedin.com/in/nihad-yolchuyev?miniProfileUrn=urn%3Ali%3Afs_miniProfile%3AACoAABEL3acBH4VEBeyCWtbrvAV5ItpGYjlnEaU,G LNK,YC W25
James,Zammit,https://www.linkedin.com/in/zammitjames?miniProfileUrn=urn%3Ali%3Afs_miniProfile%3AACoAABP5vdQBNTlFdrHgskHVfMDo1jYW5A-1Dro,Roark (YC W25),YC W25
Nand,Vinchhi,https://www.linkedin.com/in/nandvinchhi?miniProfileUrn=urn%3Ali%3Afs_miniProfile%3AACoAADD6z80BZLZz5Ccd5UVoA90lxCRdj4EuUws,Axal (YC W25),YC W25
Vivaan,Baid,https://www.linkedin.com/in/vivaan-baid-119415177?miniProfileUrn=urn%3Ali%3Afs_miniProfile%3AACoAACni02UBMvlaUcSSD-q-TVZSiO82q1uOLYk,Duke,YC W25
Sachin,Sridhar,https://www.linkedin.com/in/sachin-sridhar?miniProfileUrn=urn%3Ali%3Afs_miniProfile%3AACoAAByTtTABlNoW61a2-642TkC8zJ7_56Zfh8s,Subtrace (YC W25),YC W25
Sriman,Gaddam,https://www.linkedin.com/in/sriman-gaddam?miniProfileUrn=urn%3Ali%3Afs_miniProfile%3AACoAADDRnuoBQynOHTxbCxey5yDWN662DRprLBI,,YC W25
Kashyab,Ambarani,https://www.linkedin.com/in/kashyab-ambarani?miniProfileUrn=urn%3Ali%3Afs_miniProfile%3AACoAAC-O9YYBD635GyC93PGpB0dLBSdFTv5dyhs,Verbiflow (YC W25),YC W25
Shahryar,Hasnani,https://www.linkedin.com/in/shahryar-hasnani?miniProfileUrn=urn%3Ali%3Afs_miniProfile%3AACoAACXtVTABVqbebukXZfJIWcFSaBc06YNf_Z8,Karsa (YC W25),YC W25
Frances,Liu,https://www.linkedin.com/in/frances-liu-1a426057?miniProfileUrn=urn%3Ali%3Afs_miniProfile%3AACoAAAv2LwwBNJNtD_44Dqcye_tQ3TIu_9IRK8c,Promptless (YC W25),YC W25
Dev,Jain,https://www.linkedin.com/in/devrjain?miniProfileUrn=urn%3Ali%3Afs_miniProfile%3AACoAACj6fAgB-_GvDy9gxrt83FcGSu8dTOh440o,Demeter (YC W25),YC W25
Gunwoo,Kim,https://www.linkedin.com/in/gunwooterry?miniProfileUrn=urn%3Ali%3Afs_miniProfile%3AACoAABUe68MB99Q9hR3ULVHZRp96St-wi2MNhy0,Cuckoo (YC W25) ‚Äî AI interpreter for global teams,YC W25
Carlos,Georgescu,https://www.linkedin.com/in/carlossgg?miniProfileUrn=urn%3Ali%3Afs_miniProfile%3AACoAACIpIwgBJRlxEaTGCmWeIL9i1hdVjYXA8tQ,Citadel Securities,YC W25
Antonio,Monreal,https://www.linkedin.com/in/antonio-monreal-71b0751b5?miniProfileUrn=urn%3Ali%3Afs_miniProfile%3AACoAADIFbMcBnjM5DWQYbspekHzpwY9ow9k_pH8,Revise Robotics (YC W25),YC W25
Andrew,Churchill,https://www.linkedin.com/in/andrew-d-churchill?miniProfileUrn=urn%3Ali%3Afs_miniProfile%3AACoAACXVeCwBtv0ZQXcGmdpZnLHpsjOcB0U5F4Y,Weave (YC W25),YC W25
Arman,Kar√©gar üá∏üá™,https://www.linkedin.com/in/armankaregar?miniProfileUrn=urn%3Ali%3Afs_miniProfile%3AACoAACMEI7YBGyf_6UeFiCqhppS06dExVf4gPZk,Vetnio (YC W25),YC W25
Simon,Farshid,https://www.linkedin.com/in/simon-farshid?miniProfileUrn=urn%3Ali%3Afs_miniProfile%3AACoAACZIncUBA_mVv2gUh7WRo8_4tWrBp_wQMoY,,YC W25
Vishruth,N,https://www.linkedin.com/in/vishruth-n?miniProfileUrn=urn%3Ali%3Afs_miniProfile%3AACoAADGa2XIBOrgBl8vs6IMARCpNbetgPVomfKo,IIT Bombay,YC W25
Kasey,Z.,https://www.linkedin.com/in/kasey-zhang?miniProfileUrn=urn%3Ali%3Afs_miniProfile%3AACoAACb7KQ4BsdrlvxsbEmWWeMSmL148AWMYGak,Osmosis (YC W25),YC W25
Avi,Peltz,https://www.linkedin.com/in/avipeltz?miniProfileUrn=urn%3Ali%3Afs_miniProfile%3AACoAAB2o71EBcrcWmA9Al0gwVkVMH39wCG7x6rc,Adam (YC W25),YC W25
Regina,Lin,https://www.linkedin.com/in/reginaclin?miniProfileUrn=urn%3Ali%3Afs_miniProfile%3AACoAADb_vSkB2qERUuap02ZPF4oQ5mS9pqSt4vc,ThirdLayer,YC W25
Alex,F.,https://www.linkedin.com/in/alex-fuster?miniProfileUrn=urn%3Ali%3Afs_miniProfile%3AACoAABnjdScBq1sxjzguvFKxPeg2ARNI9mUPh_A,Astro Energy (YC W25),YC W25
Kaushik,Akula,https://www.linkedin.com/in/kaushik-akula?miniProfileUrn=urn%3Ali%3Afs_miniProfile%3AACoAADE6ZwIBw3qMXW8UKwVQOZm2LQ9_P11JieA,"Sift Dev (YC W25), Datadog, EYP",YC W25
Rahul,Gudise,https://www.linkedin.com/in/rahulgudise?miniProfileUrn=urn%3Ali%3Afs_miniProfile%3AACoAACfHf-wBGQ4Gyr0_2Z7r7ozMKV5H9VEp89o,gale (YC W25),YC W25
Sukhjit,Singh,https://www.linkedin.com/in/sukhjit-singh-ut?miniProfileUrn=urn%3Ali%3Afs_miniProfile%3AACoAAC0Z5GgBK1UTUYQM5c3CdZQjUiKtILFuM8w,ex-brex,YC W25
Yash,Dulla,https://www.linkedin.com/in/yash-dulla?miniProfileUrn=urn%3Ali%3Afs_miniProfile%3AACoAADbSlCkBi8bbdB9ssARj6XM6iHGYIrvd_gE,Ergo (YC W25),YC W25
Adam,Cohen,https://www.linkedin.com/in/adam-b-cohen?miniProfileUrn=urn%3Ali%3Afs_miniProfile%3AACoAAAkKQmABty0uq6DK5inKsO8fiGIabSYm8_k,Weave (YC W25),YC W25
Alex,Pedersen,https://www.linkedin.com/in/alex-pedersen-30340915a?miniProfileUrn=urn%3Ali%3Afs_miniProfile%3AACoAACYlznMBixTWDQRwbp5gFxJMFD4Bk9IDtwA,,YC W25
Jonathan,Jenkins,https://www.linkedin.com/in/jtjenkins18?miniProfileUrn=urn%3Ali%3Afs_miniProfile%3AACoAAD0akDUB3Q73uRZD68kODFfqaa6wXhcvtV4,Misprint (YC W25),YC W25
Alan,Wells,https://www.linkedin.com/in/awells?miniProfileUrn=urn%3Ali%3Afs_miniProfile%3AACoAAACSEusBuMiQxXcwm12NEthPX7FFphoA9bg,Rocketable (YC W25),YC W25
Marcell,V.,https://www.linkedin.com/in/veszpremimarcell?miniProfileUrn=urn%3Ali%3Afs_miniProfile%3AACoAACFzT_0BFuPOUHPBSoUdoSvhn6GjaWTuaLQ,Splash Inc.,YC W25
Haokun,Qin,https://www.linkedin.com/in/haokun-qin?miniProfileUrn=urn%3Ali%3Afs_miniProfile%3AACoAADWvggsBd5BdYDm2WQKes3d2obMBMfh6ha0,,YC W25
Maddy,Yip,https://www.linkedin.com/in/mjyip?miniProfileUrn=urn%3Ali%3Afs_miniProfile%3AACoAAB2JRfsBVFHJmLeFIBHC_Y6RLKSM_IxGEfs,YouTube,YC W25
Qiaochu,Li,https://www.linkedin.com/in/qiaochu-li1999?miniProfileUrn=urn%3Ali%3Afs_miniProfile%3AACoAACMbSJEBfvTrq_uttsPbcOfDAhQUUg-OFUE,Demeter (YC W25),YC W25
Patrick,F.,https://www.linkedin.com/in/patrickrfoster?miniProfileUrn=urn%3Ali%3Afs_miniProfile%3AACoAACTxDHoBszfMhNhNLWyiArhvwZQPPasC5SA,Invo (YC W25),YC W25
Hlumelo,Notshe,https://www.linkedin.com/in/hlumelo-notshe?miniProfileUrn=urn%3Ali%3Afs_miniProfile%3AACoAADD1ayEBJHZPXq-cSwXMvyjikWAVF0KYPl4,Stanford,YC W25
Sejoon,Chang,https://www.linkedin.com/in/sejoonchang?miniProfileUrn=urn%3Ali%3Afs_miniProfile%3AACoAADd54iABCjokF6syJD4rD2GT7Pd0p4QIUJU,Nitrode,YC W25
Josh,Sabol,https://www.linkedin.com/in/joshsabol?miniProfileUrn=urn%3Ali%3Afs_miniProfile%3AACoAAAz_aoYB7sihh31T-DqIQho_H7uh4Zzu06s,HealthKey (YC W25),YC W25
Arya,Marwaha,https://www.linkedin.com/in/arya-marwaha?miniProfileUrn=urn%3Ali%3Afs_miniProfile%3AACoAACfKtEEBJdvpmFqiuujWJGLnvjIgS-YASpY,Stanford,YC W25
Amer,Eid,https://www.linkedin.com/in/amer-eid92?miniProfileUrn=urn%3Ali%3Afs_miniProfile%3AACoAABfoXg4Bgr2o0ziE-lcH9hzMcowak5nEI3A,Ovlo (YC W25),YC W25
Kofi,Ansong,https://www.linkedin.com/in/kofi-ansong-89294016a?miniProfileUrn=urn%3Ali%3Afs_miniProfile%3AACoAAChclO4BpcAvWW1NljKqihpszrNhB-TyFZw,Cenote (YC W25),YC W25
Alexander,Chen,https://www.linkedin.com/in/alexanderqchen?miniProfileUrn=urn%3Ali%3Afs_miniProfile%3AACoAACCOKBQBqSNMvk4LM4j7Zeqz-e8O8X2ZMdQ,Trata (YC W25),YC W25
Aman,Garg,https://www.linkedin.com/in/amanmadhavgarg?miniProfileUrn=urn%3Ali%3Afs_miniProfile%3AACoAACvOuoABYnHTgzEJ-ZbMHXYjyiYjVDkjgcw,Cornell '26,YC W25
Eric,Cho,https://www.linkedin.com/in/emc329?miniProfileUrn=urn%3Ali%3Afs_miniProfile%3AACoAACVgpysBlkbmXHF3JjbCGIysb9IfwbMSzE0,Trata (YC W25),YC W25
Matthew,Kerrigan,https://www.linkedin.com/in/mkerrig?miniProfileUrn=urn%3Ali%3Afs_miniProfile%3AACoAABTHEigBFx7X06vprolRjBPMeezuCiTPB9k,Toothy,YC W25
Dhiraj,G.,https://www.linkedin.com/in/dhirajgatmane?miniProfileUrn=urn%3Ali%3Afs_miniProfile%3AACoAAEYuxBYB7Gw2vawxJC2GB5MZfAQtEf3W_AI,stoodive,YC F24
Louis,de Valli√®re,https://www.linkedin.com/in/ldevalliere?miniProfileUrn=urn%3Ali%3Afs_miniProfile%3AACoAAAS1JvUB59qwwKJSKd-0-_ySflDCVvZXUu4,Tiny (YC F24),YC F24
Himanshu,Chauhan,https://www.linkedin.com/in/himanshu-singh--chauhan?miniProfileUrn=urn%3Ali%3Afs_miniProfile%3AACoAADcux1QBfcDlTP15V0dmaS1HoTukGX64V1U,PearAI (YC F24),YC F24
Dudu,Lasry,https://www.linkedin.com/in/dudu-lasry-05022879?miniProfileUrn=urn%3Ali%3Afs_miniProfile%3AACoAABCVwDwBKfGwJEo5KV4W_ArvtPNEVajSnLM,Vespper (YC F24),YC F24
Abhilash,Chowdhary,https://www.linkedin.com/in/abhilashchowdhary?miniProfileUrn=urn%3Ali%3Afs_miniProfile%3AACoAAAxLzxABgXUODmAZY4ZFYAxenZ10K0hTyY4,Crustdata (YC F24),YC F24
Sayan,Chakraborty,https://www.linkedin.com/in/sayanc2000?miniProfileUrn=urn%3Ali%3Afs_miniProfile%3AACoAAC1q8yUBOu9enMzkN8IUhogJwRq7sHhd4Qc,Asha Health YC F24,YC F24
Shashij,Gupta,https://www.linkedin.com/in/shashij-gupta-671aa614a?miniProfileUrn=urn%3Ali%3Afs_miniProfile%3AACoAACQc7jUBQ8b9ziIhq3Ibi2cb8NjF1ft0H_k,IIT Bombay,YC F24
Sidhant,Kabra,https://www.linkedin.com/in/sidhantkabra?miniProfileUrn=urn%3Ali%3Afs_miniProfile%3AACoAACQQrn4Bemz4QW8BNUcZjDKhTWKo6--2GcM,IIT Bombay,YC F24
Fenil,Suchak,https://www.linkedin.com/in/fenilsuchak?miniProfileUrn=urn%3Ali%3Afs_miniProfile%3AACoAACA4xj0B8rKGyKWxtWJrl1m2lyo93Ef0gOQ,OpenFunnel (YC F24),YC F24
Anam,H.,https://www.linkedin.com/in/anam-h-5b37a2125?miniProfileUrn=urn%3Ali%3Afs_miniProfile%3AACoAAB7oHtcBTmSKeExBMn_9va_oBA-DugGSxx0,Revyl,YC F24
Edward,Aryee,https://www.linkedin.com/in/edwardaryee?miniProfileUrn=urn%3Ali%3Afs_miniProfile%3AACoAAAs1b0oBgsa9PWOPISc38vXWOCgUtSf1ZQI,SRE.ai (YC F24),YC F24
Landseer,Enga,https://www.linkedin.com/in/landseerenga?miniProfileUrn=urn%3Ali%3Afs_miniProfile%3AACoAAC9Q53sBHza_I3otePKzcSblpdStI0JCO-c,Revyl,YC F24
Michael,Tong,https://www.linkedin.com/in/michaelytong?miniProfileUrn=urn%3Ali%3Afs_miniProfile%3AACoAADa2FYEByPC6q2OyIfK2CEQC-kEoAX5kSQQ,RevisionDojo (YC F24),YC F24
Alexander,Sporenberg,https://www.linkedin.com/in/alexandersporenberg?miniProfileUrn=urn%3Ali%3Afs_miniProfile%3AACoAACCvhJUBG3VjpHnOQoHAXJwcvUmQwlW0mhc,Legal Tech,YC F24
Ishaan,Gangwani,https://www.linkedin.com/in/ishaan-gangwani-3a7792241?miniProfileUrn=urn%3Ali%3Afs_miniProfile%3AACoAADwYDK8BLgoXKATKTbOBeTjeiEHzvKgr7Fc,InkVell,YC F24
Naman,Wahi,https://www.linkedin.com/in/naman-wahi?miniProfileUrn=urn%3Ali%3Afs_miniProfile%3AACoAACMk4fwBwrBCY9NrMmCNR8xeaYz29WI_260,Karmen (YC F24),YC F24
Caroline,"Shoe"" Shoemaker""",https://www.linkedin.com/in/shoe-shoemaker?miniProfileUrn=urn%3Ali%3Afs_miniProfile%3AACoAABgti14BkiyzvZqVcbPSlB4RwpMpfKzs09A,,YC F24
Felix,Gerlach,https://www.linkedin.com/in/felixgerlach?miniProfileUrn=urn%3Ali%3Afs_miniProfile%3AACoAABHWnr8BEQZHg2GT_YhjAYhHfSMeFUxafHI,,YC F24
Arkam,Khan,https://www.linkedin.com/in/arqum333?miniProfileUrn=urn%3Ali%3Afs_miniProfile%3AACoAACG0_X4BZbE3hbkngauOhvnCMcl-f-lFgsw,OpenFunnel (YC F24),YC F24
Shyam,Manchhani,https://www.linkedin.com/in/shyammanchhani?miniProfileUrn=urn%3Ali%3Afs_miniProfile%3AACoAADLRezwBYVIZj70XrduJg37wutoD558q9w0,Mood Indigo,YC F24
Jack,Considine,https://www.linkedin.com/in/johnpconsidine?miniProfileUrn=urn%3Ali%3Afs_miniProfile%3AACoAABYeuBgBpqS6f7SuLQaB4cDDeBNj2VSe2EA,Getcho (YC F24),YC F24
Arjun,Maheswaran,https://www.linkedin.com/in/arjunmaheswaran?miniProfileUrn=urn%3Ali%3Afs_miniProfile%3AACoAAAH6zZcBaN0upf4A82CYS5MiHrdt_XvLYh4,"(YC S24) Prev: Co-Founder & CTO, Agara AI (acquired by Coinbase).",YC S24
Sanket,Munjal,https://www.linkedin.com/in/sanketmunjal?miniProfileUrn=urn%3Ali%3Afs_miniProfile%3AACoAAAMfVXAB--3Nhwkr_v8cRBDfX2kl-IX9rfs,Surebright.com (YC S24),YC S24
Deepak,Lather,https://www.linkedin.com/in/deepak-lather?miniProfileUrn=urn%3Ali%3Afs_miniProfile%3AACoAACdVnCQBGbu8cOX3PBlYZwnVnhVb3HRhTbA,FirstWork(YC S24),YC S24
Ramnique,Singh,https://www.linkedin.com/in/ramnique?miniProfileUrn=urn%3Ali%3Afs_miniProfile%3AACoAAE968zABBYFEnbp9lt8Z5NPWJEaDs7kR2cQ,"Rowboat (YC S24). Previously @ Coinbase, Agara",YC S24
Sparsh,Sharma,https://www.linkedin.com/in/sparsh-sharma-design?miniProfileUrn=urn%3Ali%3Afs_miniProfile%3AACoAACCfJBUBfAlGtA3eb_kivJKn_eGeUxBbw18,Paasa (YC S24),YC S24
Robert,Kim,https://www.linkedin.com/in/skull8888888?miniProfileUrn=urn%3Ali%3Afs_miniProfile%3AACoAACZkKt0BOJTlCeOx2sgS9uG7gUiGDk3RN6A,Laminar (YC S24),YC S24
Arya,Chandra,https://www.linkedin.com/in/arya-chandra-a1039b1b1?miniProfileUrn=urn%3Ali%3Afs_miniProfile%3AACoAADFbXOwBXahRLf0ZPR4V9oeTT9vnRhWtQOk,Emergent (YC S24),YC S24
Dieter,De Mesmaeker,https://www.linkedin.com/in/dieterdemesmaeker?miniProfileUrn=urn%3Ali%3Afs_miniProfile%3AACoAAAia-GIB2ssNZDtz6P175TIxFuBlo9o-CZc,,YC S24
Nitish,Sahni,https://www.linkedin.com/in/nitishsahni?miniProfileUrn=urn%3Ali%3Afs_miniProfile%3AACoAABpt0Y4BVI-ApZM05rZ3y-3dXFtYE4FQ8C8,Paasa (YC S24),YC S24
Akhilesh,Sudhakar,https://www.linkedin.com/in/akhilesh-sudhakar?miniProfileUrn=urn%3Ali%3Afs_miniProfile%3AACoAABKbntMBa2G4CkYDUh2xEmZeejlNctSnIg8,RowBoat (YC S24),YC S24
Debasmita,Das,https://www.linkedin.com/in/debasmita-das-pm?miniProfileUrn=urn%3Ali%3Afs_miniProfile%3AACoAACqrlOYB9mCvXEFY8NzGXVpnKGzfSFLDuKQ,1x Exit,YC S24
Sagar,Sharma,https://www.linkedin.com/in/sagar12sharma?miniProfileUrn=urn%3Ali%3Afs_miniProfile%3AACoAACTpIvwBMczIj3e3AFjbQ9M-AoIacLW5moY,Founder‚Äôs Office,YC S24
Abhinav,Soni,https://www.linkedin.com/in/soni-abhinav?miniProfileUrn=urn%3Ali%3Afs_miniProfile%3AACoAAC8qRGEBF1ObCkObo7vwmFmMBGsteRpkLDI,Emergent Labs(YC S24),YC S24
Dev,Khant,https://www.linkedin.com/in/devkhant?miniProfileUrn=urn%3Ali%3Afs_miniProfile%3AACoAADGpaMcBzlxNDcZAs6IX-X-4h_MZZjErFZE,Crolit,YC S24
Blossom,Shrivastava,https://www.linkedin.com/in/blossom-s?miniProfileUrn=urn%3Ali%3Afs_miniProfile%3AACoAACFh950B6FvvoSgWHBkaA7Na7mw7yvBEJvw,(YC S24),YC S24
Ritwik,Dhar,https://www.linkedin.com/in/ritwik-dhar?miniProfileUrn=urn%3Ali%3Afs_miniProfile%3AACoAACUW5jUB_ogzg1yFK8DfRkMcuKsyrs3JauM,SureBright (YC S24),YC S24
Shubham,Choudhary,https://www.linkedin.com/in/shubhamtech?miniProfileUrn=urn%3Ali%3Afs_miniProfile%3AACoAAAvLzr0BgBeFl0SMSpRCR6dOIVliv0PaMYY,Firstwork (YC S24),YC S24
Brivael,Le Pogam,https://www.linkedin.com/in/brivael-le-pogam-bbbb7185?miniProfileUrn=urn%3Ali%3Afs_miniProfile%3AACoAABIl2H8Bh_tZ6yPe_MbS_0AJSHnxCyYphaM,Argil (YC S24),YC S24
Christian,Kohrs,https://www.linkedin.com/in/christian-kohrs-a760b2117?miniProfileUrn=urn%3Ali%3Afs_miniProfile%3AACoAAB0GPnoBvEKsISU8KCcqalA1nzOWLo3Z-Ac,omnidock (YC S24),YC S24
Varghese,Antony,https://www.linkedin.com/in/varghese-antony-690302162?miniProfileUrn=urn%3Ali%3Afs_miniProfile%3AACoAACbYFUwBpDuxl4hGYBZFL1SpPJIiDnVbq-Y,Project Management,YC S24
Sourav,Choraria,https://www.linkedin.com/in/sourav-choraria-9b389776?miniProfileUrn=urn%3Ali%3Afs_miniProfile%3AACoAABAmDdcB58o2JkOnTZuAfo0TjBCBm1tgZkw,infinityapp.in(YC W24),YC W24
Aryan,Agarwal,https://www.linkedin.com/in/aryanag15?miniProfileUrn=urn%3Ali%3Afs_miniProfile%3AACoAAB-3OBEBbnO4P8HhPenFVWTiCZHOv1D4wNE,Yenmo (YC W24),YC W24
Samagra,Sharma,https://www.linkedin.com/in/samagra-sharma-4476bb135?miniProfileUrn=urn%3Ali%3Afs_miniProfile%3AACoAACEHn7cBuCrggi1hXaoW7tH_hflZUMVE3mo,Tensorfuse (YC W24) AI Infra,YC W24
Saifur,Rahman,https://www.linkedin.com/in/saif-ur-rahman?miniProfileUrn=urn%3Ali%3Afs_miniProfile%3AACoAACPWft0BgFSW2adELWPqs6MPebr26zNGP5s,Toolify (YC W24),YC W24
Amrit,Sharma,https://www.linkedin.com/in/mr-amritsharma?miniProfileUrn=urn%3Ali%3Afs_miniProfile%3AACoAABpRb_EBvrG5SljKov-2XL_2Dhp378r1q-o,Infinity (YC W24),YC W24
Prabhat,Singh,https://www.linkedin.com/in/prabhat7758?miniProfileUrn=urn%3Ali%3Afs_miniProfile%3AACoAACTR2jkB2hjnjbtP91oedGlBrgH3kEKwNQk,GetCrux (YC W24),YC W24
Ashutosh,Purohit,https://www.linkedin.com/in/ashutoshpurohit97?miniProfileUrn=urn%3Ali%3Afs_miniProfile%3AACoAACO9nawBc2kNtUvOu2-WOull_Om5k06HLgI,"Ex -Navi, Swiggy",YC W24
Sidharth,Choraria,https://www.linkedin.com/in/sidharth-choraria-25411b65?miniProfileUrn=urn%3Ali%3Afs_miniProfile%3AACoAAA24uKABcgRKxND6yHr9P18pddlI50EGw3Q,Infinity (YC W24),YC W24
Rohan,Mayya,https://www.linkedin.com/in/rohan-mayya-a9b341173?miniProfileUrn=urn%3Ali%3Afs_miniProfile%3AACoAACkppNcBLITUv9fN1xpyy5ZmuIZSp7mXMIU,YC alum,YC W24
Pratik,Gangwal,https://www.linkedin.com/in/pratikgangwal?miniProfileUrn=urn%3Ali%3Afs_miniProfile%3AACoAAAxzm5IBVSSgtVsRv1f-6SiS7bSqZck09Mg,BITS Pilani,YC W24
Himanshu,Barmola,https://www.linkedin.com/in/barmola?miniProfileUrn=urn%3Ali%3Afs_miniProfile%3AACoAACQn5rMB9h6MqXHf_QR2Ugd1JnL-adqRGTE,Infinity (YC W24),YC W24
Rakshit,Bansal,https://www.linkedin.com/in/rakshitbansal?miniProfileUrn=urn%3Ali%3Afs_miniProfile%3AACoAABTP3bYB31lmX-IeABm_Ba24x2MQa0S-dlk,xPay(YC W24),YC W24
Chaitanya,Awasthi,https://www.linkedin.com/in/chaitanya-awasthi?miniProfileUrn=urn%3Ali%3Afs_miniProfile%3AACoAADeXhQwBZy1edFglQhJ3aJnx3Qi4yX7L2pk,GetCrux (YC W24),YC W24
Akshay,Megharaj,https://www.linkedin.com/in/akshay-megharaj-aba3646?miniProfileUrn=urn%3Ali%3Afs_miniProfile%3AACoAAAEeyy4BAIJax8ncOKMYQTOWc61L28I_kPI,BITS Pilani,YC W24
Louis,Murerwa,https://www.linkedin.com/in/louismurerwa?miniProfileUrn=urn%3Ali%3Afs_miniProfile%3AACoAACKTJgAB3EIXFDDg4JL3QyVYfi9vU5qWH0o,Ocular AI,YC W24
Abdallah,Shaban,https://www.linkedin.com/in/abdallahshaban?miniProfileUrn=urn%3Ali%3Afs_miniProfile%3AACoAABAatEwBvUcHS033GgsJ11Nvvz2ZozLLiE4,"Google -Ex YC W24 founder, Product @AWS & @Petco",YC W24
Fady,B.,https://www.linkedin.com/in/fadyb?miniProfileUrn=urn%3Ali%3Afs_miniProfile%3AACoAABjInwoB4Zaf6lDL25-OGvgmfoCLX2TU3ac,Angel Investor,YC W24
üí†,MJ Gui,https://www.linkedin.com/in/mj-gui?miniProfileUrn=urn%3Ali%3Afs_miniProfile%3AACoAADLAtNoBaKuQIRBBKNt2Sx0G6YnMYt0azT4,sample (yc w24),YC W24
Chaitanya,Mittal,https://www.linkedin.com/in/chaitannah?miniProfileUrn=urn%3Ali%3Afs_miniProfile%3AACoAACkvAfEB0lJMFkxqPyrRYFausWcyGSduFSQ,CodeAnt AI (YC W '24),YC W24
Adrian,Parlow,https://www.linkedin.com/in/adrianparlow?miniProfileUrn=urn%3Ali%3Afs_miniProfile%3AACoAAAhyT1cBiTCgySpuewE_aawf_cvyMzhXG1w,YC W24,YC W24
Prasoon,Shukla,https://www.linkedin.com/in/prasoondshukla?miniProfileUrn=urn%3Ali%3Afs_miniProfile%3AACoAAA2PmMYBzxPlby6alGNZdksIj2utipVKJTA,Lumen (YC W24),YC W24
Mohammad,Tabaza,https://www.linkedin.com/in/mtabaza?miniProfileUrn=urn%3Ali%3Afs_miniProfile%3AACoAACGN5w0BP5HKXQ4Y-Zv3pgE7emCIgC24mVc,OpenCX (YC W24),YC W24
Pierre-Louis,Biojout,https://www.linkedin.com/in/plbiojout?miniProfileUrn=urn%3Ali%3Afs_miniProfile%3AACoAADDoo0wBTYey0KlBXCsT3Pqas7vxnyTSv04,phospho (YC W24),YC W24
Leon,Ostrez,https://www.linkedin.com/in/leon-ostrez?miniProfileUrn=urn%3Ali%3Afs_miniProfile%3AACoAACoS6nEB4rYtzD60w-rPWqrulUTJfvxYb3I,Pythagora,YC W24
Soham,Mahajan,https://www.linkedin.com/in/soham-mahajan-130142193?miniProfileUrn=urn%3Ali%3Afs_miniProfile%3AACoAAC1njjQBxwP9dvcCxfRQI-qT8-6kpNNRVDg,xPay (YC-24),YC W24
Ashish,Gautam,https://www.linkedin.com/in/ashish-gautam-b1a218256?miniProfileUrn=urn%3Ali%3Afs_miniProfile%3AACoAAD8JRUYBPvKIJuIK9F_pwFyLSKuu8uGPUHw,Jastro,YC W24
Samrath,Singh Chadha,https://www.linkedin.com/in/samrathchadha?miniProfileUrn=urn%3Ali%3Afs_miniProfile%3AACoAADiiwRIBqJ-iyI1UY7zNXJn5qFP8MSrAX3Q,Mantle (YC F25),YC F25
Juan,Casian,https://www.linkedin.com/in/juancasian?miniProfileUrn=urn%3Ali%3Afs_miniProfile%3AACoAAB-zm14ByW20FwrKFg3T-ksHHl9D2_kAQ68,2x YC Founder,YC F25
Ismail,J,https://www.linkedin.com/in/jeilani?miniProfileUrn=urn%3Ali%3Afs_miniProfile%3AACoAABC12IMBdYIjJA71eiIZ1JVV5aw8Dlii9RM,Brickwise (YC F25),YC F25
Lucas,Ngoo,https://www.linkedin.com/in/lucasngoo?miniProfileUrn=urn%3Ali%3Afs_miniProfile%3AACoAAAVi8eYBHdElhXBPaAlBETxWbTpzsyrl32U,"Co-founder, Carousell ($1B+)",YC F25
Jonah,S.,https://www.linkedin.com/in/jonahsiegle?miniProfileUrn=urn%3Ali%3Afs_miniProfile%3AACoAABQH6GEBfT_8n604Kj8kATaRSCFMzfbqL04,,YC F25
Stefan,Kruger,https://www.linkedin.com/in/stefan-kruger-0957b168?miniProfileUrn=urn%3Ali%3Afs_miniProfile%3AACoAAA5bFjEBXnsqCm2jnuW0C5a4aS6M5s-vKEA,,YC F25
Porsev,Aslan,https://www.linkedin.com/in/porsev-aslan?miniProfileUrn=urn%3Ali%3Afs_miniProfile%3AACoAAC1C5PgBNJE1WLMLIygysuDyjnpwNpYXErw,Openroll (YC F25),YC F25
Anirudh,Pupneja,https://www.linkedin.com/in/anirudh-pupneja?miniProfileUrn=urn%3Ali%3Afs_miniProfile%3AACoAACD8TKcBcuvWhdRUrX2_G3d4gXT_bo4Qwao,"Ex Coinbase, D.E. Shaw",YC F25
Swarakesh,Mishra,https://www.linkedin.com/in/swarakesh-mishra?miniProfileUrn=urn%3Ali%3Afs_miniProfile%3AACoAADDJ9XcBmSI1BSxPzDrJC0FcnpfEiZeilTs,"Ex - Probo, FrontRow",YC F25
Marmik,Pandya,https://www.linkedin.com/in/marmikpandya?miniProfileUrn=urn%3Ali%3Afs_miniProfile%3AACoAABUP3fcBQZTqjxyWYLPLY6us2mSJxjpoHmw,Highlevel,YC F25
Cole,Dermott,https://www.linkedin.com/in/coledermott?miniProfileUrn=urn%3Ali%3Afs_miniProfile%3AACoAACWcsFMB9-MmG8xzxtnje3W4qt88I7HyVzc,"Locus (YC F25), prev eng at Coinbase",YC F25
Aashni,Joshi,https://www.linkedin.com/in/aashnijoshi?miniProfileUrn=urn%3Ali%3Afs_miniProfile%3AACoAADbBHJwB7DlX1ZIZg8IawKwgL51Y2hLgQDU,Hyperspell (YC F25),YC F25
Andreas,Stroe,https://www.linkedin.com/in/andreasstroe?miniProfileUrn=urn%3Ali%3Afs_miniProfile%3AACoAAEafqP0BqOSeXNBTZbc7QNbwQqI2gXLN5QU,Patent Watch (YC F25),YC F25
Saksham,Manchanda,https://www.linkedin.com/in/saksham-manchanda-fifthrender?miniProfileUrn=urn%3Ali%3Afs_miniProfile%3AACoAAEWymIMBsDV-sLsbSAsGZOjrrvWsjxp8_KY,FifthRender,YC S25
Aditya,Mahna,https://www.linkedin.com/in/aditya-mahna-b57256325?miniProfileUrn=urn%3Ali%3Afs_miniProfile%3AACoAAFIVq_MB9wmtzWCH6F-_SyGykNEfr46NeLw,Candytrail (YC S25),YC S25
Varun,Pratap Singh,https://www.linkedin.com/in/varun-pratap-singh-28a511202?miniProfileUrn=urn%3Ali%3Afs_miniProfile%3AACoAADOwdUoBjyJsWDJaOog-x-ldqWXZUCHBVFA,AfterQuery (YC S25)-MathsExpert,YC S25
Aaron,Chew,https://www.linkedin.com/in/aaronbchew?miniProfileUrn=urn%3Ali%3Afs_miniProfile%3AACoAAC8Z_mABlKPUBMq1yavNJ-nFY_DHgfvhJ3A,YC S25,YC S25
Mariem,Ould Ismail,https://www.linkedin.com/in/mariem-ould-ismail-b45917262?miniProfileUrn=urn%3Ali%3Afs_miniProfile%3AACoAAECQUqUBe4ehWgzkX0aX_fS4_gIT31clXeo,X-MIT,YC S25
John,Yeo,https://www.linkedin.com/in/johnyeocx?miniProfileUrn=urn%3Ali%3Afs_miniProfile%3AACoAADC8iDgBzUw_-Fi2Qkae4dLTmpxL1CgeJRk,,YC S25
Kavan,Doctor,https://www.linkedin.com/in/kavandoctor?miniProfileUrn=urn%3Ali%3Afs_miniProfile%3AACoAACs-StoBHKmHc9BIjW6botZJtXY51ZRduNE,YC S25,YC S25
Kevan,Dodhia,https://www.linkedin.com/in/kevan-dodhia-760183129?miniProfileUrn=urn%3Ali%3Afs_miniProfile%3AACoAAB-G_HgB8MayUMNIRZWnZcNyfzllDSeN2kY,Alter (YC S25),YC S25
Aman,Agarwal,https://www.linkedin.com/in/aman-agarwal-ca?miniProfileUrn=urn%3Ali%3Afs_miniProfile%3AACoAACWVaEoBVn51wZ_YHIJ0kceyTRcxDeA49Co,,YC S25
Rohil,Khare,https://www.linkedin.com/in/rohil-khare?miniProfileUrn=urn%3Ali%3Afs_miniProfile%3AACoAAC5FbUcBgD_lfyI_YtPAj5QagU4X7y-VUOk,YC S25,YC S25
Dr.,"Sabrine Obbad M.Sc, D.D.S",https://www.linkedin.com/in/sabrineobbad?miniProfileUrn=urn%3Ali%3Afs_miniProfile%3AACoAABOQwNYB38cuzroo4nRNgXH0P2ewF2oUCiU,ALARA,YC S25
Sam,Goldman,https://www.linkedin.com/in/sam-goldman?miniProfileUrn=urn%3Ali%3Afs_miniProfile%3AACoAACH5V10BroCuliLk7aGNH5e8--ITZYUudt4,,YC S25
Devraj,Gopal,https://www.linkedin.com/in/dev-gopal?miniProfileUrn=urn%3Ali%3Afs_miniProfile%3AACoAAEUuq50BtTQV5mxqmiYupaoUq4KOUVJC1SM,Wedge,YC S25
Matan,Goldner,https://www.linkedin.com/in/matan-goldner?miniProfileUrn=urn%3Ali%3Afs_miniProfile%3AACoAADWlWZ4BGoDypTR6gWI4zGIy05H2Ewh9UWU,Conntour (YC W25),YC W25
Robin,Gan,https://www.linkedin.com/in/robin-gan-180060126?miniProfileUrn=urn%3Ali%3Afs_miniProfile%3AACoAAB75xvABiOPy4iuu1mcVW3RIj0NLzMZOeNo,finbar (YC W25),YC W25
Nick,Telecki,https://www.linkedin.com/in/nick-telecki?miniProfileUrn=urn%3Ali%3Afs_miniProfile%3AACoAAAy5PAABF69_H5l6ih5NodPv4NiXO4jT32U,Modern Fuel & EV Card,YC W25
Manu,Vanderveeren,https://www.linkedin.com/in/manuvanderveeren?miniProfileUrn=urn%3Ali%3Afs_miniProfile%3AACoAABqa35sBrJqF-7HpoDXK1U-qZDB3-skWP-o,xMcKinsey,YC W25
Daniel,Gauci Mizzi,https://www.linkedin.com/in/gaucidaniel?miniProfileUrn=urn%3Ali%3Afs_miniProfile%3AACoAAA8ZgwQB8ZeHMxtyg43vohre1SNHoSKTmKE,Roark (YC W25),YC W25
Juan,Pisco,https://www.linkedin.com/in/juan-pisco?miniProfileUrn=urn%3Ali%3Afs_miniProfile%3AACoAADNIrUYBXMBR8E34Oj48YQmMkI_Ze0g9O2o,Cifrato (YC W25),YC W25
Patrick,Gadd,https://www.linkedin.com/in/patrick-gadd?miniProfileUrn=urn%3Ali%3Afs_miniProfile%3AACoAAAUqFtgBT8S-Ve2KXqU39zpz6Fit8XjatR8,MSc CompSci Oxford University,YC W25
Timmy,Seto,https://www.linkedin.com/in/timmy-seto?miniProfileUrn=urn%3Ali%3Afs_miniProfile%3AACoAACVHUywBl0mHd9Kd9jwBeHRODp6KSO8egu0,Forge Automation (YC W25),YC W25
Nathan,Wang,https://www.linkedin.com/in/nathanwangyf?miniProfileUrn=urn%3Ali%3Afs_miniProfile%3AACoAADqyUQcBTvB2PfGlB3LFK5fOuZVEy2IUdog,Edexia (YC W25),YC W25
Bhavesh,Tolia,https://www.linkedin.com/in/bhavesh-tolia-a17a37164?miniProfileUrn=urn%3Ali%3Afs_miniProfile%3AACoAACdO3_MBEnnBTo4dFwyCK-qD7tzmKUY-mdU,IIT Delhi,YC W25
Walter,Raftus,https://www.linkedin.com/in/walterraftus?miniProfileUrn=urn%3Ali%3Afs_miniProfile%3AACoAACWEVRoBHBuutT1XjsXEW7HVPtwYmjbwekY,Forge Automation (YC W25),YC W25
Daniel,Grittner,https://www.linkedin.com/in/daniel-m-grittner?miniProfileUrn=urn%3Ali%3Afs_miniProfile%3AACoAAB_WC6cBvBoseVW7x3QZ8MpwzEoOYRDSGNA,Hey Telo (YC W25),YC W25
Magnus,M√ºller,https://www.linkedin.com/in/magnus-mueller?miniProfileUrn=urn%3Ali%3Afs_miniProfile%3AACoAADFzlpMB_g7rM9KdBck6AoUj2VrEbjsVDEc,,YC W25
Rohan,Karthik,https://www.linkedin.com/in/rohan-karthik-60a0b61b7?miniProfileUrn=urn%3Ali%3Afs_miniProfile%3AACoAADJh1uoBq3SNvOLgA6HLj-BHVa2Q6gO5rO0,Inversion Semiconductor,YC W25
Sankeerth,"Rao Karingula, Ph.D.",https://www.linkedin.com/in/sankeerthrao?miniProfileUrn=urn%3Ali%3Afs_miniProfile%3AACoAAA92YugBl8Smm5rnU9TjpigVsijMq8hFP4A,Agentin AI (YC W25),YC W25
Christopher,Grittner,https://www.linkedin.com/in/christopher-grittner?miniProfileUrn=urn%3Ali%3Afs_miniProfile%3AACoAAB-MItcBziaEOqTb7ounEWtzmBaEy2QfWlw,Hey Telo (YC W25),YC W25
Ramakant,Yadav,https://www.linkedin.com/in/ramakant-yadav1?miniProfileUrn=urn%3Ali%3Afs_miniProfile%3AACoAAAcsYqoB4V4nYmuSSK2z85mHJBt0UENIy58,ScalarField.io (YC X25),YC X25
Paul,Sangl√©-Ferri√®re,https://www.linkedin.com/in/paulsf?miniProfileUrn=urn%3Ali%3Afs_miniProfile%3AACoAAB6NfS4BN1_d8bDAHQMVQLCZkUzv3G1Je6U,cubic (YC X25),YC X25
Shivesh,Gupta,https://www.linkedin.com/in/shivesh-gupta-iitb?miniProfileUrn=urn%3Ali%3Afs_miniProfile%3AACoAADj-7XMBdPcVkmz_fp9u2FKRWCaftG2I9zo,Frekil (YC X25),YC X25
Max,Berthelot,https://www.linkedin.com/in/maximeberthelot?miniProfileUrn=urn%3Ali%3Afs_miniProfile%3AACoAAACfDiUBjVt5ZLGXPjl7pVe9aWoYSpxyYqg,,YC X25
Justin,Lee,https://www.linkedin.com/in/justin1ee?miniProfileUrn=urn%3Ali%3Afs_miniProfile%3AACoAADnDRAkBqY28rjWoPROThyu9p0nfeS6Bvw0,Den (YC X25),YC X25
Antoine,B.,https://www.linkedin.com/in/antoinebouchardy?miniProfileUrn=urn%3Ali%3Afs_miniProfile%3AACoAABe9-mAB4LLPum20-lOF_hAKxvXpp_aa5BU,Probo (YC X25),YC X25
Shawn,Patel,https://www.linkedin.com/in/shawnpatel?miniProfileUrn=urn%3Ali%3Afs_miniProfile%3AACoAACbtMHgB71HosfqukaaOS1MnwBftV-BXqGc,YC X25,YC X25
Ambar,Choudhury,https://www.linkedin.com/in/arcbam?miniProfileUrn=urn%3Ali%3Afs_miniProfile%3AACoAAAfzdi4B_JlNoYKiT2WPsq87qzHkNQjee-g,BitBoard (YC X25),YC X25
Thomas,Crochet,https://www.linkedin.com/in/crochetthomas?miniProfileUrn=urn%3Ali%3Afs_miniProfile%3AACoAAA71b30BQqLejwx-E_8RmaI8T9ULVuwyxLA,,YC X25
Yash,Maheshwari,https://www.linkedin.com/in/yashmaheshwari95?miniProfileUrn=urn%3Ali%3Afs_miniProfile%3AACoAABQTHwABT5LAAR6Zlzac934pY8TNxF9pcgY,IITM,YC X25
Dimitri,Kassubeck,https://www.linkedin.com/in/dimitri-kassubeck-69764647?miniProfileUrn=urn%3Ali%3Afs_miniProfile%3AACoAAAniKFMBsURr15C_MavM90Q33ib5OVDbn0E,,YC X25
